年份,场次,赛道,Time,名,姓,缩写,国家地区,开始日期,结束日期
2025,1254,"Albert Park Grand Prix Circuit, Melbourne",01:15.1,Lando,Norris,NOR,Australia,2025/3/14,2025/3/16
2025,1255,"Shanghai International Circuit, Shanghai",01:30.6,Oscar,Piastri,PIA,China,2025/3/21,2025/3/23
2025,1256,"Suzuka Circuit, Suzuka",01:27.0,Max,Verstappen,VER,Japan,2025/4/4,2025/4/6
2025,1257,"Bahrain International Circuit, Sakhir",01:29.8,Oscar,Piastri,PIA,Bahrain,2025/4/11,2025/4/13
2025,1258,"Jeddah Corniche Circuit, Jeddah",01:27.3,Max,Verstappen,VER,Saudi Arabia,2025/4/18,2025/4/20
2025,1259,"Miami International Autodrome, Miami Gardens",01:26.2,Max,Verstappen,VER,Miami,2025/5/2,2025/5/4
2025,1260,"Autodromo Internazionale Enzo e Dino Ferrari, Imola",01:14.7,Oscar,Piastri,PIA,Emilia-Romagna,2025/5/16,2025/5/18
2025,1261,"Circuit de Monaco, Monaco",01:10.0,Lando,Norris,NOR,Monaco,2025/5/23,2025/5/25
2025,1262,"Circuit de Barcelona-Catalunya, Barcelona",01:11.5,Oscar,Piastri,PIA,Spain,2025/5/30,2025/6/1
2025,1263,"Circuit Gilles-Villeneuve, Montréal",01:10.9,George,Russell,RUS,Canada,2025/6/13,2025/6/15
2025,1264,"Red Bull Ring, Spielberg",01:04.0,Lando,Norris,NOR,Austria,2025/6/27,2025/6/29
2025,1265,"Circuit de Spa-Francorchamps, Spa-Francorchamps",01:24.9,Max,Verstappen,VER,Great Britain,2025/7/25,2025/7/27
2025,1266,"Hungaroring, Budapest",01:40.6,Lando,Norris,NOR,Belgium,2025/8/1,2025/8/3
2025,1267,"Circuit Zandvoort, Zandvoort",01:15.4,Charles,Leclerc,LEC,Hungary,2025/8/29,2025/8/31
2025,1268,"Autodromo Nazionale Monza, Monza",01:08.7,Oscar,Piastri,PIA,Netherlands,2025/9/5,2025/9/7
2025,1269,"Baku City Circuit, Baku",01:18.8,Max,Verstappen,VER,Italy,2025/9/19,2025/9/21
2025,1270,"Marina Bay Street Circuit, Marina Bay",01:41.1,Max,Verstappen,VER,Azerbaijan,2025/10/3,2025/10/5
2025,1271,"Circuit of The Americas, Austin",01:29.2,George,Russell,RUS,Singapore,2025/10/17,2025/10/19
2025,1272,"Autódromo Hermanos Rodríguez, Mexico City",01:32.5,Max,Verstappen,VER,United States,2025/10/24,2025/10/26
2025,1273,"Autódromo José Carlos Pace, São Paulo",01:15.6,Lando,Norris,NOR,Mexico,2025/11/7,2025/11/9
2025,1274,"Las Vegas Strip Circuit, Las Vegas",01:09.5,Lando,Norris,NOR,Brazil,2025/11/20,2025/11/22
2025,1275,"Lusail International Circuit, Lusail",01:47.9,Lando,Norris,NOR,Las Vegas,2025/11/28,2025/11/30
2025,1276,"Yas Marina Circuit, Yas Island",01:19.4,Oscar,Piastri,PIA,Qatar,2025/12/5,2025/12/7
2025,1277,"Silverstone Circuit, Silverstone",01:22.2,Max,Verstappen,VER,Abu Dhabi,2025/7/4,2025/7/6
2024,1229,"Bahrain International Circuit, Sakhir",01:29.2,Max,Verstappen,VER,Bahrain,2024/2/29,2024/3/2
2024,1230,"Jeddah Corniche Circuit, Jeddah",01:27.5,Max,Verstappen,VER,Saudi Arabia,2024/3/7,2024/3/9
2024,1231,"Albert Park Grand Prix Circuit, Melbourne",01:15.9,Max,Verstappen,VER,Australia,2024/3/22,2024/3/24
2024,1232,"Suzuka Circuit, Suzuka",01:28.2,Max,Verstappen,VER,Japan,2024/4/5,2024/4/7
2024,1233,"Shanghai International Circuit, Shanghai",01:33.7,Max,Verstappen,VER,China,2024/4/19,2024/4/21
2024,1234,"Miami International Autodrome, Miami",01:27.2,Max,Verstappen,VER,Miami,2024/5/3,2024/5/5
2024,1235,"Autodromo Internazionale Enzo e Dino Ferrari, Imola",01:14.7,Max,Verstappen,VER,Emilia-Romagna,2024/5/17,2024/5/19
2024,1236,"Circuit de Monaco, Monaco",01:10.3,Charles,Leclerc,LEC,Monaco,2024/5/24,2024/5/26
2024,1237,"Circuit Gilles-Villeneuve, Montréal",01:12.0,George,Russell,RUS,Canada,2024/6/7,2024/6/9
2024,1238,"Circuit de Barcelona-Catalunya, Barcelona",01:11.4,Lando,Norris,NOR,Spain,2024/6/21,2024/6/23
2024,1239,"Red Bull Ring, Spielberg",01:04.3,Max,Verstappen,VER,Austria,2024/6/28,2024/6/30
2024,1240,"Silverstone Circuit, Silverstone",01:25.8,George,Russell,RUS,Great Britain,2024/7/5,2024/7/7
2024,1241,"Hungaroring, Budapest",01:15.2,Lando,Norris,NOR,Hungary,2024/7/19,2024/7/21
2024,1242,"Circuit de Spa-Francorchamps, Spa-Francorchamps",01:53.8,Charles,Leclerc,LEC,Belgium,2024/7/26,2024/7/28
2024,1243,"Circuit Zandvoort, Zandvoort",01:09.7,Lando,Norris,NOR,Netherlands,2024/8/23,2024/8/25
2024,1244,"Autodromo Nazionale Monza, Monza",01:19.3,Lando,Norris,NOR,Italy,2024/8/30,2024/9/1
2024,1245,"Baku City Circuit, Baku",01:41.4,Charles,Leclerc,LEC,Azerbaijan,2024/9/13,2024/9/15
2024,1246,"Marina Bay Street Circuit, Marina Bay",01:29.5,Lando,Norris,NOR,Singapore,2024/9/20,2024/9/22
2024,1247,"Circuit of The Americas, Austin",01:32.3,Lando,Norris,NOR,United States,2024/10/18,2024/10/20
2024,1248,"Autódromo Hermanos Rodríguez, Mexico City",01:15.9,Carlos,Sainz,SAI,Mexico,2024/10/25,2024/10/27
2024,1249,"Autódromo José Carlos Pace, São Paulo",01:23.4,Lando,Norris,NOR,Brazil,2024/11/1,2024/11/3
2024,1250,"Las Vegas Strip Circuit, Las Vegas",01:32.3,George,Russell,RUS,Las Vegas,2024/11/21,2024/11/23
2024,1251,"Lusail International Circuit, Lusail",01:20.6,George,Russell,RUS,Qatar,2024/11/29,2024/12/1
2024,1252,"Yas Marina Circuit, Yas Island",01:22.6,Lando,Norris,NOR,Abu Dhabi,2024/12/6,2024/12/8
2023,1141,"Bahrain International Circuit, Sakhir",01:29.7,Max,Verstappen,VER,Bahrain,2023/3/3,2023/3/5
2023,1142,"Jeddah Corniche Circuit, Jeddah",01:28.3,Sergio,Perez,PER,Saudi Arabia,2023/3/17,2023/3/19
2023,1143,"Albert Park Grand Prix Circuit, Melbourne",01:16.7,Max,Verstappen,VER,Australia,2023/3/31,2023/4/2
2023,1207,"Baku City Circuit, Baku",01:40.2,Charles,Leclerc,LEC,Azerbaijan,2023/4/28,2023/4/30
2023,1208,"Miami International Autodrome, Miami",01:26.8,Sergio,Perez,PER,Miami,2023/5/5,2023/5/7
2023,1209,"Autodromo Internazionale Enzo e Dino Ferrari, Imola",,,,,Emilia-Romagna,2023/5/19,2023/5/21
2023,1210,"Circuit de Monaco, Monaco",01:11.4,Max,Verstappen,VER,Monaco,2023/5/26,2023/5/28
2023,1211,"Circuit de Barcelona-Catalunya, Barcelona",01:12.3,Max,Verstappen,VER,Spain,2023/6/2,2023/6/4
2023,1212,"Circuit Gilles-Villeneuve, Montréal",01:25.9,Max,Verstappen,VER,Canada,2023/6/16,2023/6/18
2023,1213,"Red Bull Ring, Spielberg",01:04.4,Max,Verstappen,VER,Austria,2023/6/30,2023/7/2
2023,1214,"Silverstone Circuit, Silverstone",01:26.7,Max,Verstappen,VER,Great Britain,2023/7/7,2023/7/9
2023,1215,"Hungaroring, Budapest",01:16.6,Lewis,Hamilton,HAM,Hungary,2023/7/21,2023/7/23
2023,1216,"Circuit de Spa-Francorchamps, Spa-Francorchamps",01:47.0,Charles,Leclerc,LEC,Belgium,2023/7/28,2023/7/30
2023,1217,"Circuit Zandvoort, Zandvoort",01:10.6,Max,Verstappen,VER,Netherlands,2023/8/25,2023/8/27
2023,1218,"Autodromo Nazionale Monza, Monza",01:20.3,Carlos,Sainz,SAI,Italy,2023/9/1,2023/9/3
2023,1219,"Marina Bay Street Circuit, Marina Bay",01:31.0,Carlos,Sainz,SAI,Singapore,2023/9/15,2023/9/17
2023,1220,"Suzuka Circuit, Suzuka",01:28.9,Max,Verstappen,VER,Japan,2023/9/22,2023/9/24
2023,1221,"Lusail International Circuit, Lusail",01:23.8,Max,Verstappen,VER,Qatar,2023/10/6,2023/10/8
2023,1222,"Circuit of The Americas, Austin",01:34.7,Charles,Leclerc,LEC,United States,2023/10/20,2023/10/22
2023,1223,"Autódromo Hermanos Rodríguez, Mexico City",01:17.2,Charles,Leclerc,LEC,Mexico,2023/10/27,2023/10/29
2023,1224,"Autódromo José Carlos Pace, São Paulo",01:10.7,Max,Verstappen,VER,Brazil,2023/11/3,2023/11/5
2023,1225,"Las Vegas Strip Circuit, Las Vegas",01:32.7,Charles,Leclerc,LEC,Las Vegas,2023/11/16,2023/11/18
2023,1226,"Yas Marina Circuit, Yas Island",01:23.4,Max,Verstappen,VER,Abu Dhabi,2023/11/24,2023/11/26
2022,1108,"Albert Park Grand Prix Circuit, Melbourne",01:30.6,Charles,Leclerc,LEC,Bahrain,2022/4/8,2022/4/10
2022,1109,"Autodromo Internazionale Enzo e Dino Ferrari, Imola",01:28.2,Sergio,Perez,PER,Saudi Arabia,2022/4/22,2022/4/24
2022,1110,"Miami International Autodrome, Miami",01:17.9,Charles,Leclerc,LEC,Australia,2022/5/6,2022/5/8
2022,1111,"Circuit de Barcelona-Catalunya, Barcelona",01:28.0,Max,Verstappen,VER,Emilia-Romagna,2022/5/20,2022/5/22
2022,1112,"Circuit de Monaco, Monaco",01:29.0,Charles,Leclerc,LEC,Miami,2022/5/27,2022/5/29
2022,1113,"Circuit Gilles-Villeneuve, Montréal",01:18.7,Charles,Leclerc,LEC,Spain,2022/6/17,2022/6/19
2022,1114,"Silverstone Circuit, Silverstone",01:11.4,Charles,Leclerc,LEC,Monaco,2022/7/1,2022/7/3
2022,1115,"Red Bull Ring, Spielberg",01:41.4,Charles,Leclerc,LEC,Azerbaijan,2022/7/8,2022/7/10
2022,1116,"Circuit Paul Ricard, Le Castellet",01:21.3,Max,Verstappen,VER,Canada,2022/7/22,2022/7/24
2022,1117,"Hungaroring, Budapest",01:41.0,Carlos,Sainz,SAI,Great Britain,2022/7/29,2022/7/31
2022,1118,"Circuit de Spa-Francorchamps, Spa-Francorchamps",01:05.0,Max,Verstappen,VER,Austria,2022/8/26,2022/8/28
2022,1119,"Circuit Zandvoort, Zandvoort",01:30.9,Charles,Leclerc,LEC,France,2022/9/2,2022/9/4
2022,1120,"Autodromo Nazionale Monza, Monza",01:17.4,George,Russell,RUS,Hungary,2022/9/9,2022/9/11
2022,1124,"Bahrain International Circuit, Sakhir",01:44.3,Carlos,Sainz,SAI,Belgium,2022/3/18,2022/3/20
2022,1125,"Jeddah Corniche Circuit, Jeddah",01:10.3,Max,Verstappen,VER,Netherlands,2022/3/25,2022/3/27
2022,1126,"Baku City Circuit, Baku",01:20.2,Charles,Leclerc,LEC,Italy,2022/6/10,2022/6/12
2022,1133,"Marina Bay Street Circuit, Marina Bay",01:49.4,Charles,Leclerc,LEC,Singapore,2022/9/30,2022/10/2
2022,1134,"Suzuka Circuit, Suzuka",01:29.3,Max,Verstappen,VER,Japan,2022/10/7,2022/10/9
2022,1135,"Circuit of The Americas, Austin",01:34.4,Carlos,Sainz,SAI,United States,2022/10/21,2022/10/23
2022,1136,"Autódromo Hermanos Rodríguez, Mexico City",01:17.8,Max,Verstappen,VER,Mexico,2022/10/28,2022/10/30
2022,1137,"Autódromo José Carlos Pace, São Paulo",01:11.7,Kevin,Magnussen,MAG,Brazil,2022/11/11,2022/11/13
2022,1138,"Yas Marina Circuit, Yas Island",01:23.8,Max,Verstappen,VER,Abu Dhabi,2022/11/18,2022/11/20
2021,1064,"Bahrain International Circuit, Sakhir",01:29.0,Max,Verstappen,VER,Bahrain,2021/3/26,2021/3/28
2021,1065,"Autodromo Internazionale Enzo e Dino Ferrari, Imola",01:14.4,Lewis,Hamilton,HAM,Emilia-Romagna,2021/4/16,2021/4/18
2021,1066,"Autódromo Internacional do Algarve, Portimão",01:18.3,Valtteri,Bottas,BOT,Portugal,2021/4/30,2021/5/2
2021,1067,"Circuit de Monaco, Monte Carlo",01:16.7,Lewis,Hamilton,HAM,Spain,2021/5/20,2021/5/23
2021,1068,"Baku City Circuit, Baku",01:10.3,Charles,Leclerc,LEC,Monaco,2021/6/4,2021/6/6
2021,1070,"Circuit Paul Ricard, Le Castellet",01:41.2,Charles,Leclerc,LEC,Azerbaijan,2021/6/18,2021/6/20
2021,1071,"Red Bull Ring, Spielberg",01:30.0,Max,Verstappen,VER,France,2021/7/2,2021/7/4
2021,1072,"Silverstone Circuit, Silverstone",01:03.8,Max,Verstappen,VER,Styria,2021/7/16,2021/7/18
2021,1073,"Hungaroring, Budapest",01:03.7,Max,Verstappen,VER,Austria,2021/7/30,2021/8/1
2021,1074,"Circuit de Spa-Francorchamps, Spa-Francorchamps",,Max,Verstappen,VER,Great Britain,2021/8/27,2021/8/29
2021,1075,"Circuit Zandvoort, Zandvoort",01:15.4,Lewis,Hamilton,HAM,Hungary,2021/9/3,2021/9/5
2021,1076,"Autodromo Nazionale Monza, Monza",01:59.8,Max,Verstappen,VER,Belgium,2021/9/10,2021/9/12
2021,1077,"Sochi Autodrom, Sochi",01:08.9,Max,Verstappen,VER,Netherlands,2021/9/24,2021/9/26
2021,1078,"Intercity Istanbul Park, Istanbul",,Max,Verstappen,VER,Italy,2021/10/8,2021/10/10
2021,1086,"Circuit de Barcelona-Catalunya, Barcelona",01:42.0,Lando,Norris,NOR,Russia,2021/5/7,2021/5/9
2021,1092,"Red Bull Ring, Spielberg",01:23.0,Valtteri,Bottas,BOT,Turkey,2021/6/25,2021/6/27
2021,1102,"Circuit of The Americas, Austin",01:32.9,Max,Verstappen,VER,United States,2021/10/22,2021/10/24
2021,1103,"Autódromo Hermanos Rodríguez, Mexico City",01:15.9,Valtteri,Bottas,BOT,Mexico,2021/11/5,2021/11/7
2021,1104,"Autódromo José Carlos Pace, São Paulo",,Valtteri,Bottas,BOT,Brazil,2021/11/12,2021/11/14
2021,1105,"Lusail International Circuit, Lusail",01:20.8,Lewis,Hamilton,HAM,Qatar,2021/11/19,2021/11/21
2021,1106,"Jeddah Corniche Circuit, Jeddah",01:27.5,Lewis,Hamilton,HAM,Saudi Arabia,2021/12/3,2021/12/5
2021,1107,"Yas Marina Circuit, Yas Island",01:22.1,Max,Verstappen,VER,Abu Dhabi,2021/12/10,2021/12/12
2020,1045,"Red Bull Ring, Spielberg",01:02.9,Valtteri,Bottas,BOT,Austria,2020/7/3,2020/7/5
2020,1046,"Red Bull Ring, Spielberg",01:19.3,Lewis,Hamilton,HAM,Styria,2020/7/10,2020/7/12
2020,1047,"Hungaroring, Budapest",01:13.4,Lewis,Hamilton,HAM,Hungary,2020/7/17,2020/7/19
2020,1048,"Silverstone Circuit, Silverstone",01:24.3,Lewis,Hamilton,HAM,Great Britain,2020/7/31,2020/8/2
2020,1049,"Silverstone Circuit, Silverstone",01:25.2,Valtteri,Bottas,BOT,70th Anniversary,2020/8/7,2020/8/9
2020,1050,"Circuit de Barcelona-Catalunya, Barcelona",01:15.6,Lewis,Hamilton,HAM,Spain,2020/8/14,2020/8/16
2020,1051,"Circuit de Spa-Francorchamps, Spa-Francorchamps",01:41.3,Lewis,Hamilton,HAM,Belgium,2020/8/28,2020/8/30
2020,1052,"Autodromo Nazionale Monza, Monza",01:18.9,Lewis,Hamilton,HAM,Italy,2020/9/4,2020/9/6
2020,1053,"Mugello, Mugello",01:15.1,Lewis,Hamilton,HAM,Tuscany,2020/9/11,2020/9/13
2020,1054,"Sochi Autodrom, Sochi",01:31.3,Lewis,Hamilton,HAM,Russia,2020/9/25,2020/9/27
2020,1055,"Nürburgring, Nürburgring",01:25.3,Valtteri,Bottas,BOT,Eifel,2020/10/9,2020/10/11
2020,1056,"Autódromo Internacional do Algarve, Portimão",01:16.7,Lewis,Hamilton,HAM,Portugal,2020/10/23,2020/10/25
2020,1057,"Autodromo Internazionale Enzo e Dino Ferrari, Imola",01:13.6,Valtteri,Bottas,BOT,Emilia-Romagna,2020/10/30,2020/11/1
2020,1058,"Intercity Istanbul Park, Istanbul",01:47.8,Lance,Stroll,STR,Turkey,2020/11/12,2020/11/15
2020,1059,"Bahrain International Circuit, Sakhir",01:27.3,Lewis,Hamilton,HAM,Bahrain,2020/11/26,2020/11/29
2020,1060,"Bahrain International Circuit – Outer Track, Sakhir",53.377,Valtteri,Bottas,BOT,Sakhir,2020/12/3,2020/12/6
2020,1061,"Yas Marina Circuit, Yas Island",01:35.2,Max,Verstappen,VER,Abu Dhabi,2020/12/10,2020/12/13
2019,1000,"Albert Park Grand Prix Circuit, Melbourne",01:20.5,Lewis,Hamilton,HAM,Australia,2019/3/14,2019/3/17
2019,1001,"Bahrain International Circuit, Sakhir",01:27.9,Charles,Leclerc,LEC,Bahrain,2019/3/29,2019/3/31
2019,1002,"Shanghai International Circuit, Shanghai",01:31.5,Valtteri,Bottas,BOT,China,2019/4/12,2019/4/14
2019,1003,"Baku City Circuit, Baku",01:40.5,Valtteri,Bottas,BOT,Azerbaijan,2019/4/26,2019/4/28
2019,1004,"Circuit de Barcelona-Catalunya, Barcelona",01:15.4,Valtteri,Bottas,BOT,Spain,2019/5/10,2019/5/12
2019,1005,"Circuit de Monaco, Monte Carlo",01:10.2,Lewis,Hamilton,HAM,Monaco,2019/5/23,2019/5/26
2019,1006,"Circuit Gilles-Villeneuve, Montréal",01:10.2,Sebastian,Vettel,VET,Canada,2019/6/7,2019/6/9
2019,1007,"Circuit Paul Ricard, Le Castellet",01:28.3,Lewis,Hamilton,HAM,France,2019/6/21,2019/6/23
2019,1008,"Red Bull Ring, Spielberg",01:03.0,Charles,Leclerc,LEC,Austria,2019/6/28,2019/6/30
2019,1009,"Silverstone Circuit, Silverstone",01:25.1,Valtteri,Bottas,BOT,Great Britain,2019/7/12,2019/7/14
2019,1010,"Hockenheimring, Hockenheim",01:11.8,Lewis,Hamilton,HAM,Germany,2019/7/26,2019/7/28
2019,1011,"Hungaroring, Budapest",01:14.6,Max,Verstappen,VER,Hungary,2019/8/2,2019/8/4
2019,1012,"Circuit de Spa-Francorchamps, Spa-Francorchamps",01:42.5,Charles,Leclerc,LEC,Belgium,2019/8/30,2019/9/1
2019,1013,"Autodromo Nazionale Monza, Monza",01:19.3,Charles,Leclerc,LEC,Italy,2019/9/6,2019/9/8
2019,1014,"Marina Bay Street Circuit, Singapore",01:36.2,Charles,Leclerc,LEC,Singapore,2019/9/20,2019/9/22
2019,1015,"Sochi Autodrom, Sochi",01:31.6,Charles,Leclerc,LEC,Russia,2019/9/27,2019/9/29
2019,1016,"Suzuka Circuit, Suzuka",01:27.1,Sebastian,Vettel,VET,Japan,2019/10/11,2019/10/13
2019,1017,"Autódromo Hermanos Rodríguez, Mexico City",01:15.0,Charles,Leclerc,LEC,Mexico,2019/10/25,2019/10/27
2019,1018,"Circuit of The Americas, Austin",01:32.0,Valtteri,Bottas,BOT,United States,2019/11/1,2019/11/3
2019,1019,"Autódromo José Carlos Pace, São Paulo",01:07.5,Max,Verstappen,VER,Brazil,2019/11/15,2019/11/17
2019,1020,"Yas Marina Circuit, Yas Island",01:34.8,Lewis,Hamilton,HAM,Abu Dhabi,2019/11/29,2019/12/1
2018,979,"Albert Park Grand Prix Circuit, Melbourne",01:21.2,Lewis,Hamilton,HAM,Australia,2018/3/22,2018/3/25
2018,980,"Bahrain International Circuit, Sakhir",01:28.0,Sebastian,Vettel,VET,Bahrain,2018/4/6,2018/4/8
2018,981,"Shanghai International Circuit, Shanghai",01:31.1,Sebastian,Vettel,VET,China,2018/4/13,2018/4/15
2018,982,"Baku City Circuit, Baku",01:41.5,Sebastian,Vettel,VET,Azerbaijan,2018/4/27,2018/4/29
2018,983,"Circuit de Barcelona-Catalunya, Barcelona",01:16.2,Lewis,Hamilton,HAM,Spain,2018/5/11,2018/5/13
2018,984,"Circuit de Monaco, Monte Carlo",01:10.8,Daniel,Ricciardo,RIC,Monaco,2018/5/24,2018/5/27
2018,985,"Circuit Gilles-Villeneuve, Montréal",01:10.8,Sebastian,Vettel,VET,Canada,2018/6/8,2018/6/10
2018,986,"Circuit Paul Ricard, Le Castellet",01:30.0,Lewis,Hamilton,HAM,France,2018/6/22,2018/6/24
2018,987,"Red Bull Ring, Spielberg",01:03.1,Valtteri,Bottas,BOT,Austria,2018/6/29,2018/7/1
2018,988,"Silverstone Circuit, Silverstone",01:25.9,Lewis,Hamilton,HAM,Great Britain,2018/7/5,2018/7/8
2018,989,"Hockenheimring, Hockenheim",01:11.2,Sebastian,Vettel,VET,Germany,2018/7/20,2018/7/22
2018,990,"Hungaroring, Budapest",01:35.7,Lewis,Hamilton,HAM,Hungary,2018/7/27,2018/7/29
2018,991,"Circuit de Spa-Francorchamps, Spa-Francorchamps",01:58.2,Lewis,Hamilton,HAM,Belgium,2018/8/24,2018/8/26
2018,992,"Autodromo Nazionale Monza, Monza",01:19.1,Kimi,R?ikk?nen,RAI,Italy,2018/8/31,2018/9/2
2018,993,"Marina Bay Street Circuit, Singapore",01:36.0,Lewis,Hamilton,HAM,Singapore,2018/9/14,2018/9/16
2018,994,"Sochi Autodrom, Sochi",01:31.4,Valtteri,Bottas,BOT,Russia,2018/9/28,2018/9/30
2018,995,"Suzuka Circuit, Suzuka",01:27.8,Lewis,Hamilton,HAM,Japan,2018/10/5,2018/10/7
2018,996,"Circuit of The Americas, Austin",01:32.2,Lewis,Hamilton,HAM,United States,2018/10/19,2018/10/21
2018,997,"Autódromo Hermanos Rodríguez, Mexico City",01:14.8,Daniel,Ricciardo,RIC,Mexico,2018/10/26,2018/10/28
2018,998,"Autódromo José Carlos Pace, São Paulo",01:07.3,Lewis,Hamilton,HAM,Brazil,2018/11/9,2018/11/11
2018,999,"Yas Marina Circuit, Yas Marina",01:34.8,Lewis,Hamilton,HAM,Abu Dhabi,2018/11/23,2018/11/25
2017,959,"Albert Park Grand Prix Circuit, Melbourne",01:22.2,Lewis,Hamilton,HAM,Australia,2017/3/24,2017/3/26
2017,960,"Shanghai International Circuit, Shanghai",01:31.7,Lewis,Hamilton,HAM,China,2017/4/7,2017/4/9
2017,961,"Bahrain International Circuit, Sakhir",01:28.8,Valtteri,Bottas,BOT,Bahrain,2017/4/14,2017/4/16
2017,962,"Sochi Autodrom, Sochi",01:33.2,Sebastian,Vettel,VET,Russia,2017/4/28,2017/4/30
2017,963,"Circuit de Barcelona-Catalunya, Catalunya",01:19.1,Lewis,Hamilton,HAM,Spain,2017/5/12,2017/5/14
2017,964,"Circuit de Monaco, Monte Carlo",01:12.2,Kimi,R?ikk?nen,RAI,Monaco,2017/5/25,2017/5/28
2017,965,"Circuit Gilles-Villeneuve, Montréal",01:11.5,Lewis,Hamilton,HAM,Canada,2017/6/9,2017/6/11
2017,966,"Baku City Circuit, Baku",01:40.6,Lewis,Hamilton,HAM,Azerbaijan,2017/6/23,2017/6/25
2017,967,"Red Bull Ring, Spielberg",01:04.3,Valtteri,Bottas,BOT,Austria,2017/7/7,2017/7/9
2017,968,"Silverstone Circuit, Silverstone",01:26.6,Lewis,Hamilton,HAM,Great Britain,2017/7/14,2017/7/16
2017,969,"Hungaroring, Budapest",01:16.3,Sebastian,Vettel,VET,Hungary,2017/7/28,2017/7/30
2017,970,"Circuit de Spa-Francorchamps, Spa-Francorchamps",01:42.6,Lewis,Hamilton,HAM,Belgium,2017/8/25,2017/8/27
2017,971,"Autodromo Nazionale Monza, Monza",01:35.6,Lewis,Hamilton,HAM,Italy,2017/9/1,2017/9/3
2017,972,"Marina Bay Street Circuit, Singapore",01:39.5,Sebastian,Vettel,VET,Singapore,2017/9/15,2017/9/17
2017,973,"Sepang International Circuit, Kuala Lumpur",01:30.1,Lewis,Hamilton,HAM,Malaysia,2017/9/29,2017/10/1
2017,974,"Suzuka Circuit, Suzuka",01:27.3,Lewis,Hamilton,HAM,Japan,2017/10/6,2017/10/8
2017,975,"Circuit of The Americas, Austin",01:33.1,Lewis,Hamilton,HAM,United States,2017/10/20,2017/10/22
2017,976,"Autódromo Hermanos Rodríguez, Mexico City",01:16.5,Sebastian,Vettel,VET,Mexico,2017/10/27,2017/10/29
2017,977,"Autódromo José Carlos Pace, São Paulo",01:08.3,Valtteri,Bottas,BOT,Brazil,2017/11/10,2017/11/12
2017,978,"Yas Marina Circuit, Yas Marina",01:36.2,Valtteri,Bottas,BOT,Abu Dhabi,2017/11/24,2017/11/26
2016,938,"Albert Park Grand Prix Circuit, Melbourne",01:23.8,Lewis,Hamilton,HAM,Australia,2016/3/18,2016/3/20
2016,939,"Bahrain International Circuit, Sakhir",01:29.5,Lewis,Hamilton,HAM,Bahrain,2016/4/1,2016/4/3
2016,940,"Shanghai International Circuit, Shanghai",01:35.4,Nico,Rosberg,ROS,China,2016/4/15,2016/4/17
2016,941,"Sochi Autodrom, Sochi",01:35.4,Nico,Rosberg,ROS,Russia,2016/4/29,2016/5/1
2016,942,"Circuit de Barcelona-Catalunya, Catalunya",01:22.0,Lewis,Hamilton,HAM,Spain,2016/5/13,2016/5/15
2016,943,"Circuit de Monaco, Monte Carlo",01:13.6,Daniel,Ricciardo,RIC,Monaco,2016/5/26,2016/5/29
2016,944,"Circuit Gilles-Villeneuve, Montréal",01:12.8,Lewis,Hamilton,HAM,Canada,2016/6/10,2016/6/12
2016,945,"Red Bull Ring, Spielberg",01:42.8,Nico,Rosberg,ROS,Europe,2016/7/1,2016/7/3
2016,946,"Silverstone Circuit, Silverstone",01:07.9,Lewis,Hamilton,HAM,Austria,2016/7/8,2016/7/10
2016,947,"Hungaroring, Budapest",01:29.3,Lewis,Hamilton,HAM,Great Britain,2016/7/22,2016/7/24
2016,948,"Hockenheimring, Hockenheim",01:20.0,Nico,Rosberg,ROS,Hungary,2016/7/29,2016/7/31
2016,949,"Circuit de Spa-Francorchamps, Spa-Francorchamps",01:14.4,Nico,Rosberg,ROS,Germany,2016/8/26,2016/8/28
2016,950,"Autodromo Nazionale Monza, Monza",01:46.7,Nico,Rosberg,ROS,Belgium,2016/9/2,2016/9/4
2016,951,"Marina Bay Street Circuit, Singapore",01:21.1,Lewis,Hamilton,HAM,Italy,2016/9/16,2016/9/18
2016,952,"Sepang International Circuit, Kuala Lumpur",01:42.6,Nico,Rosberg,ROS,Singapore,2016/9/30,2016/10/2
2016,953,"Suzuka Circuit, Suzuka",01:32.8,Lewis,Hamilton,HAM,Malaysia,2016/10/7,2016/10/9
2016,954,"Circuit of The Americas, Austin",01:30.6,Nico,Rosberg,ROS,Japan,2016/10/21,2016/10/23
2016,955,"Autódromo Hermanos Rodríguez, Mexico City",01:35.0,Lewis,Hamilton,HAM,United States,2016/10/28,2016/10/30
2016,956,"Autódromo José Carlos Pace, São Paulo",01:18.7,Lewis,Hamilton,HAM,Mexico,2016/11/11,2016/11/13
2016,957,"Yas Marina Circuit, Yas Marina",01:10.7,Lewis,Hamilton,HAM,Brazil,2016/11/25,2016/11/27
2016,958,"Baku City Circuit, Baku",01:38.8,Lewis,Hamilton,HAM,Abu Dhabi,2016/6/17,2016/6/19
2015,917,"Albert Park Grand Prix Circuit, Melbourne",01:26.3,Lewis,Hamilton,HAM,Australia,2015/3/13,2015/3/15
2015,918,"Sepang International Circuit, Kuala Lumpur",01:49.8,Lewis,Hamilton,HAM,Malaysia,2015/3/27,2015/3/29
2015,919,"Shanghai International Circuit, Shanghai",01:35.8,Lewis,Hamilton,HAM,China,2015/4/10,2015/4/12
2015,920,"Bahrain International Circuit, Sakhir",01:32.6,Lewis,Hamilton,HAM,Bahrain,2015/4/17,2015/4/19
2015,921,"Circuit de Barcelona-Catalunya, Catalunya",01:24.7,Nico,Rosberg,ROS,Spain,2015/5/8,2015/5/10
2015,922,"Circuit de Monaco, Monte Carlo",01:15.1,Lewis,Hamilton,HAM,Monaco,2015/5/21,2015/5/24
2015,923,"Circuit Gilles-Villeneuve, Montréal",01:14.4,Lewis,Hamilton,HAM,Canada,2015/6/5,2015/6/7
2015,924,"Red Bull Ring, Spielberg",01:08.5,Lewis,Hamilton,HAM,Austria,2015/6/19,2015/6/21
2015,925,"Silverstone Circuit, Silverstone",01:32.2,Lewis,Hamilton,HAM,Great Britain,2015/7/3,2015/7/5
2015,927,"Hungaroring, Budapest",01:22.0,Lewis,Hamilton,HAM,Hungary,2015/7/24,2015/7/26
2015,928,"Circuit de Spa-Francorchamps, Spa-Francorchamps",01:47.2,Lewis,Hamilton,HAM,Belgium,2015/8/21,2015/8/23
2015,929,"Autodromo Nazionale Monza, Monza",01:23.4,Lewis,Hamilton,HAM,Italy,2015/9/4,2015/9/6
2015,930,"Marina Bay Street Circuit, Singapore",01:43.9,Sebastian,Vettel,VET,Singapore,2015/9/18,2015/9/20
2015,931,"Suzuka Circuit, Suzuka",01:32.6,Nico,Rosberg,ROS,Japan,2015/9/25,2015/9/27
2015,932,"Sochi Autodrom, Sochi",01:37.1,Nico,Rosberg,ROS,Russia,2015/10/9,2015/10/11
2015,933,"Circuit of The Americas, Austin",01:56.8,Nico,Rosberg,ROS,United States,2015/10/23,2015/10/25
2015,934,"Autódromo Hermanos Rodríguez, Mexico City",01:19.5,Nico,Rosberg,ROS,Mexico,2015/10/30,2015/11/1
2015,935,"Autódromo José Carlos Pace, São Paulo",01:11.3,Nico,Rosberg,ROS,Brazil,2015/11/13,2015/11/15
2015,936,"Yas Marina Circuit, Yas Marina",01:40.2,Nico,Rosberg,ROS,Abu Dhabi,2015/11/27,2015/11/29
2014,898,"Albert Park Grand Prix Circuit, Australia",01:44.2,Lewis,Hamilton,HAM,Australia,2014/3/14,2014/3/16
2014,899,"Sepang International Circuit, Malaysia",01:59.4,Lewis,Hamilton,HAM,Malaysia,2014/3/28,2014/3/30
2014,900,"Bahrain International Circuit, Bahrain",01:33.2,Nico,Rosberg,ROS,Bahrain,2014/4/4,2014/4/6
2014,901,"Shanghai International Circuit, China",01:53.9,Lewis,Hamilton,HAM,China,2014/4/18,2014/4/20
2014,902,"Circuit de Barcelona-Catalunya, Spain",01:25.2,Lewis,Hamilton,HAM,Spain,2014/5/9,2014/5/11
2014,903,"Circuit de Monaco, Monaco",01:16.0,Nico,Rosberg,ROS,Monaco,2014/5/22,2014/5/25
2014,904,"Circuit Gilles-Villeneuve, Canada",01:14.9,Nico,Rosberg,ROS,Canada,2014/6/6,2014/6/8
2014,905,"Red Bull Ring, Austria",01:08.8,Felipe,Massa,MAS,Austria,2014/6/20,2014/6/22
2014,906,"Silverstone Circuit, Great Britain",01:35.8,Nico,Rosberg,ROS,Great Britain,2014/7/4,2014/7/6
2014,907,"Hockenheimring, Germany",01:16.5,Nico,Rosberg,ROS,Germany,2014/7/18,2014/7/20
2014,908,"Hungaroring, Hungary",01:22.7,Nico,Rosberg,ROS,Hungary,2014/7/25,2014/7/27
2014,909,"Circuit de Spa-Francorchamps, Belgium",02:05.6,Nico,Rosberg,ROS,Belgium,2014/8/22,2014/8/24
2014,910,"Autodromo Nazionale Monza, Italy",01:24.1,Lewis,Hamilton,HAM,Italy,2014/9/5,2014/9/7
2014,911,"Marina Bay Street Circuit, Singapore",01:45.7,Lewis,Hamilton,HAM,Singapore,2014/9/19,2014/9/21
2014,912,"Suzuka Circuit, Japan",01:32.5,Nico,Rosberg,ROS,Japan,2014/10/3,2014/10/5
2014,913,"Sochi Autodrom, Russia",01:38.5,Lewis,Hamilton,HAM,Russia,2014/10/10,2014/10/21
2014,914,"Circuit of The Americas, United States",01:36.1,Nico,Rosberg,ROS,United States,2014/10/31,2014/11/2
2014,915,"Autódromo José Carlos Pace, Brazil",01:10.0,Nico,Rosberg,ROS,Brazil,2014/11/7,2014/11/9
2014,916,"Yas Marina Circuit, Abu Dhabi",01:40.5,Nico,Rosberg,ROS,Abu Dhabi,2014/11/21,2014/11/23
2013,879,"Albert Park Grand Prix Circuit, Australia",01:27.4,Sebastian,Vettel,VET,Australia,2013/3/15,2013/3/17
2013,880,"Sepang International Circuit, Malaysia",01:49.7,Sebastian,Vettel,VET,Malaysia,2013/3/22,2013/3/24
2013,881,"Shanghai International Circuit, China",01:34.5,Lewis,Hamilton,HAM,China,2013/4/12,2013/4/14
2013,882,"Bahrain International Circuit, Bahrain",01:32.3,Nico,Rosberg,ROS,Bahrain,2013/4/19,2013/4/21
2013,883,"Circuit de Barcelona-Catalunya, Spain",01:20.7,Nico,Rosberg,ROS,Spain,2013/5/10,2013/5/12
2013,884,"Circuit de Monaco, Monaco",01:13.9,Nico,Rosberg,ROS,Monaco,2013/5/23,2013/5/26
2013,885,"Circuit Gilles-Villeneuve, Canada",01:25.4,Sebastian,Vettel,VET,Canada,2013/6/7,2013/6/9
2013,886,"Silverstone Circuit, Great Britain",01:29.6,Lewis,Hamilton,HAM,Great Britain,2013/6/28,2013/6/30
2013,887,"Nürburgring, Germany",01:29.4,Lewis,Hamilton,HAM,Germany,2013/7/5,2013/7/7
2013,888,"Hungaroring, Hungary",01:19.4,Lewis,Hamilton,HAM,Hungary,2013/7/26,2013/7/28
2013,889,"Circuit de Spa-Francorchamps, Belgium",02:01.0,Lewis,Hamilton,HAM,Belgium,2013/8/23,2013/8/25
2013,890,"Autodromo Nazionale Monza, Italy",01:23.8,Sebastian,Vettel,VET,Italy,2013/9/6,2013/9/8
2013,891,"Marina Bay Street Circuit, Singapore",01:42.8,Sebastian,Vettel,VET,Singapore,2013/9/20,2013/9/22
2013,892,"Korean International Circuit, South Korea",01:37.2,Sebastian,Vettel,VET,South Korea,2013/10/4,2013/10/6
2013,893,"Suzuka Circuit, Japan",01:30.9,Mark,Webber,WEB,Japan,2013/10/11,2013/10/13
2013,894,"Buddh International Circuit, India",01:24.1,Sebastian,Vettel,VET,India,2013/10/25,2013/10/27
2013,895,"Yas Marina Circuit, Abu Dhabi",01:40.0,Mark,Webber,WEB,Abu Dhabi,2013/11/1,2013/11/3
2013,896,"Circuit of The Americas, United States",01:36.3,Sebastian,Vettel,VET,United States,2013/11/15,2013/11/17
2013,897,"Autódromo José Carlos Pace, Brazil",01:26.5,Sebastian,Vettel,VET,Brazil,2013/11/22,2013/11/24
2012,1,"Hungaroring, Hungary",01:24.9,Lewis,Hamilton,HAM,Australia,2012/7/27,2012/7/29
2012,10,"Albert Park Grand Prix Circuit, Australia",01:35.1,Nico,Rosberg,ROS,China,2012/3/16,2012/3/18
2012,11,"Sepang International Circuit, Malaysia",01:32.4,Sebastian,Vettel,VET,Bahrain,2012/3/23,2012/3/25
2012,12,"Shanghai International Circuit, China",01:22.3,Pastor,Maldonado,MAL,Spain,2012/4/13,2012/4/15
2012,13,"Bahrain International Circuit, Bahrain",01:14.4,Mark,Webber,WEB,Monaco,2012/4/20,2012/4/22
2012,14,"Circuit de Barcelona-Catalunya, Spain",01:13.8,Sebastian,Vettel,VET,Canada,2012/5/11,2012/5/13
2012,15,"Circuit de Monaco, Monaco",01:38.1,Sebastian,Vettel,VET,Europe,2012/5/24,2012/5/27
2012,16,"Circuit Gilles-Villeneuve, Canada",01:51.7,Fernando,Alonso,ALO,Great Britain,2012/6/8,2012/6/10
2012,17,"Valencia Street Circuit, Spain",01:40.6,Fernando,Alonso,ALO,Germany,2012/6/22,2012/6/24
2012,18,"Hockenheimring, Germany",01:21.0,Lewis,Hamilton,HAM,Hungary,2012/7/20,2012/7/22
2012,19,"Circuit de Spa-Francorchamps, Belgium",01:47.6,Jenson,Button,BUT,Belgium,2012/8/31,2012/9/2
2012,20,"Autodromo Nazionale Monza, Italy",01:24.0,Lewis,Hamilton,HAM,Italy,2012/9/7,2012/9/9
2012,21,"Marina Bay Street Circuit, Singapore",01:46.4,Lewis,Hamilton,HAM,Singapore,2012/9/21,2012/9/23
2012,22,"Suzuka Circuit, Japan",01:30.8,Sebastian,Vettel,VET,Japan,2012/10/5,2012/10/7
2012,23,"Korean International Circuit, South Korea",01:37.2,Mark,Webber,WEB,South Korea,2012/10/12,2012/10/14
2012,24,"Buddh International Circuit, India",01:25.3,Sebastian,Vettel,VET,India,2012/10/26,2012/10/28
2012,25,"Yas Marina Circuit, Abu Dhabi",01:40.6,Lewis,Hamilton,HAM,Abu Dhabi,2012/11/2,2012/11/4
2012,26,"Circuit of The Americas, United States",01:35.7,Sebastian,Vettel,VET,United States,2012/11/16,2012/11/18
2012,27,"Autódromo José Carlos Pace, Brazil",01:12.5,Lewis,Hamilton,HAM,Brazil,2012/11/23,2012/11/25
2012,4,"Silverstone Circuit, Great Britain",01:36.2,Lewis,Hamilton,HAM,Malaysia,2012/7/6,2012/7/8
2011,28,"Albert Park Grand Prix Circuit, Australia",01:23.5,Sebastian,Vettel,VET,Australia,2011/3/25,2011/3/27
2011,29,"Sepang International Circuit, Malaysia",01:34.9,Sebastian,Vettel,VET,Malaysia,2011/4/8,2011/4/10
2011,30,"Shanghai International Circuit, China",01:33.7,Sebastian,Vettel,VET,China,2011/4/15,2011/4/17
2011,31,"Intercity Istanbul Park, Turkey",01:25.0,Sebastian,Vettel,VET,Turkey,2011/5/6,2011/5/8
2011,32,"Circuit de Barcelona-Catalunya, Spain",01:21.0,Mark,Webber,WEB,Spain,2011/5/20,2011/5/22
2011,33,"Circuit de Monaco, Monaco",01:13.6,Sebastian,Vettel,VET,Monaco,2011/5/26,2011/5/29
2011,34,"Circuit Gilles-Villeneuve, Canada",01:13.0,Sebastian,Vettel,VET,Canada,2011/6/10,2011/6/12
2011,35,"Valencia Street Circuit, Spain",01:37.0,Sebastian,Vettel,VET,Europe,2011/6/24,2011/6/26
2011,36,"Silverstone Circuit, Great Britain",01:30.4,Mark,Webber,WEB,Great Britain,2011/7/8,2011/7/10
2011,37,"Nürburgring, Germany",01:30.1,Mark,Webber,WEB,Germany,2011/7/22,2011/7/24
2011,38,"Hungaroring, Hungary",01:19.8,Sebastian,Vettel,VET,Hungary,2011/7/29,2011/7/31
2011,39,"Circuit de Spa-Francorchamps, Belgium",01:48.3,Sebastian,Vettel,VET,Belgium,2011/8/26,2011/8/28
2011,40,"Autodromo Nazionale Monza, Italy",01:22.3,Sebastian,Vettel,VET,Italy,2011/9/9,2011/9/11
2011,41,"Marina Bay Street Circuit, Singapore",01:44.4,Sebastian,Vettel,VET,Singapore,2011/9/23,2011/9/25
2011,42,"Suzuka Circuit, Japan",01:30.5,Sebastian,Vettel,VET,Japan,2011/10/7,2011/10/9
2011,43,"Korean International Circuit, South Korea",01:35.8,Lewis,Hamilton,HAM,South Korea,2011/10/14,2011/10/16
2011,44,"Buddh International Circuit, India",01:24.2,Sebastian,Vettel,VET,India,2011/10/28,2011/10/30
2011,45,"Yas Marina Circuit, Abu Dhabi",01:38.5,Sebastian,Vettel,VET,Abu Dhabi,2011/11/11,2011/11/13
2011,46,"Autódromo José Carlos Pace, Brazil",01:11.9,Sebastian,Vettel,VET,Brazil,2011/11/25,2011/11/27
2010,860,"Bahrain International Circuit, Bahrain",01:54.1,Sebastian,Vettel,VET,Bahrain,2010/3/14,2010/3/14
2010,861,"Albert Park Grand Prix Circuit, Australia",01:23.9,Sebastian,Vettel,VET,Australia,2010/3/28,2010/3/28
2010,862,"Sepang International Circuit, Malaysia",01:49.3,Mark,Webber,WEB,Malaysia,2010/4/4,2010/4/4
2010,863,"Shanghai International Circuit, China",01:34.6,Sebastian,Vettel,VET,China,2010/4/18,2010/4/18
2010,864,"Circuit de Barcelona-Catalunya, Spain",01:20.0,Mark,Webber,WEB,Spain,2010/5/9,2010/5/9
2010,865,"Circuit de Monaco, Monaco",01:13.8,Mark,Webber,WEB,Monaco,2010/5/16,2010/5/16
2010,866,"Intercity Istanbul Park, Turkey",01:26.3,Mark,Webber,WEB,Turkey,2010/5/30,2010/5/30
2010,867,"Circuit Gilles-Villeneuve, Canada",01:15.1,Lewis,Hamilton,HAM,Canada,2010/6/13,2010/6/13
2010,868,"Valencia Street Circuit, Spain",01:37.6,Sebastian,Vettel,VET,Europe,2010/6/27,2010/6/27
2010,869,"Silverstone Circuit, Great Britain",01:29.6,Sebastian,Vettel,VET,Great Britain,2010/7/11,2010/7/11
2010,870,"Hockenheimring, Germany",01:13.8,Sebastian,Vettel,VET,Germany,2010/7/25,2010/7/25
2010,871,"Hungaroring, Hungary",01:18.8,Sebastian,Vettel,VET,Hungary,2010/8/1,2010/8/1
2010,872,"Circuit de Spa-Francorchamps, Belgium",01:45.8,Mark,Webber,WEB,Belgium,2010/8/29,2010/8/29
2010,873,"Autodromo Nazionale Monza, Italy",01:22.0,Fernando,Alonso,ALO,Italy,2010/9/12,2010/9/12
2010,874,"Marina Bay Street Circuit, Singapore",01:45.4,Fernando,Alonso,ALO,Singapore,2010/9/26,2010/9/26
2010,875,"Suzuka Circuit, Japan",01:30.8,Sebastian,Vettel,VET,Japan,2010/10/10,2010/10/10
2010,876,"Korean International Circuit, South Korea",01:35.6,Sebastian,Vettel,VET,South Korea,2010/10/24,2010/10/24
2010,877,"Autódromo José Carlos Pace, Brazil",01:14.5,Nico,Hulkenberg,HUL,Brazil,2010/11/7,2010/11/7
2010,878,"Yas Marina Circuit, Abu Dhabi",01:39.4,Sebastian,Vettel,VET,Abu Dhabi,2010/11/14,2010/11/14
2009,843,"Albert Park Grand Prix Circuit, Australia",01:26.2,Jenson,Button,BUT,Australia,2009/3/29,2009/3/29
2009,844,"Sepang International Circuit, Malaysia",01:35.2,Jenson,Button,BUT,Malaysia,2009/4/5,2009/4/5
2009,845,"Shanghai International Circuit, China",01:36.2,Sebastian,Vettel,VET,China,2009/4/19,2009/4/19
2009,846,"Bahrain International Circuit, Bahrain",01:33.4,Jarno,Trulli,TRU,Bahrain,2009/4/26,2009/4/26
2009,847,"Circuit de Barcelona-Catalunya, Spain",01:20.5,Jenson,Button,BUT,Spain,2009/5/10,2009/5/10
2009,848,"Circuit de Monaco, Monaco",01:14.9,Jenson,Button,BUT,Monaco,2009/5/24,2009/5/24
2009,849,"Intercity Istanbul Park, Turkey",01:28.3,Sebastian,Vettel,VET,Turkey,2009/6/7,2009/6/7
2009,850,"Silverstone Circuit, Great Britain",01:19.5,Sebastian,Vettel,VET,Great Britain,2009/6/21,2009/6/21
2009,851,"Nürburgring, Germany",01:32.2,Mark,Webber,WEB,Germany,2009/7/12,2009/7/12
2009,852,"Hungaroring, Hungary",01:21.6,Fernando,Alonso,ALO,Hungary,2009/7/26,2009/7/26
2009,853,"Valencia Street Circuit, Spain",01:39.5,Lewis,Hamilton,HAM,Europe,2009/8/23,2009/8/23
2009,854,"Circuit de Spa-Francorchamps, Belgium",01:46.3,Giancarlo,Fisichella,FIS,Belgium,2009/8/30,2009/8/30
2009,855,"Autodromo Nazionale Monza, Italy",01:24.1,Lewis,Hamilton,HAM,Italy,2009/9/13,2009/9/13
2009,856,"Marina Bay Street Circuit, Singapore",01:47.9,Lewis,Hamilton,HAM,Singapore,2009/9/27,2009/9/27
2009,857,"Suzuka Circuit, Japan",01:32.2,Sebastian,Vettel,VET,Japan,2009/10/4,2009/10/4
2009,858,"Autódromo José Carlos Pace, Brazil",01:19.6,Rubens,Barrichello,BAR,Brazil,2009/10/18,2009/10/18
2009,859,"Yas Marina Circuit, Abu Dhabi",01:40.9,Lewis,Hamilton,HAM,Abu Dhabi,2009/11/1,2009/11/1
2008,825,"Albert Park Grand Prix Circuit, Australia",01:26.7,Lewis,Hamilton,HAM,Australia,2008/3/16,2008/3/16
2008,826,"Sepang International Circuit, Malaysia",01:35.7,Felipe,Massa,MAS,Malaysia,2008/3/23,2008/3/23
2008,827,"Bahrain International Circuit, Bahrain",01:33.1,Robert,Kubica,KUB,Bahrain,2008/4/6,2008/4/6
2008,828,"Circuit de Barcelona-Catalunya, Spain",01:21.8,Kimi,R?ikk?nen,RAI,Spain,2008/4/27,2008/4/27
2008,829,"Intercity Istanbul Park, Turkey",01:27.6,Felipe,Massa,MAS,Turkey,2008/5/11,2008/5/11
2008,830,"Circuit de Monaco, Monaco",01:15.8,Felipe,Massa,MAS,Monaco,2008/5/25,2008/5/25
2008,831,"Circuit Gilles-Villeneuve, Canada",01:17.9,Lewis,Hamilton,HAM,Canada,2008/6/8,2008/6/8
2008,832,"Circuit de Nevers Magny-Cours, France",01:16.4,Kimi,R?ikk?nen,RAI,France,2008/6/22,2008/6/22
2008,833,"Silverstone Circuit, Great Britain",01:21.0,Heikki,Kovalainen,KOV,Great Britain,2008/7/6,2008/7/6
2008,834,"Hockenheimring, Germany",01:15.7,Lewis,Hamilton,HAM,Germany,2008/7/20,2008/7/20
2008,835,"Hungaroring, Hungary",01:20.9,Lewis,Hamilton,HAM,Hungary,2008/8/3,2008/8/3
2008,836,"Valencia Street Circuit, Spain",01:39.0,Felipe,Massa,MAS,Europe,2008/8/24,2008/8/24
2008,837,"Circuit de Spa-Francorchamps, Belgium",01:47.3,Lewis,Hamilton,HAM,Belgium,2008/9/7,2008/9/7
2008,838,"Autodromo Nazionale Monza, Italy",01:37.6,Sebastian,Vettel,VET,Italy,2008/9/14,2008/9/14
2008,839,"Marina Bay Street Circuit, Singapore",01:44.8,Felipe,Massa,MAS,Singapore,2008/9/28,2008/9/28
2008,840,"Fuji Speedway, Japan",01:18.4,Lewis,Hamilton,HAM,Japan,2008/10/12,2008/10/12
2008,841,"Shanghai International Circuit, China",01:36.3,Lewis,Hamilton,HAM,China,2008/10/19,2008/10/19
2008,842,"Autódromo José Carlos Pace, Brazil",01:12.4,Felipe,Massa,MAS,Brazil,2008/11/2,2008/11/2
2007,808,"Albert Park Grand Prix Circuit, Australia",01:26.1,Kimi,R?ikk?nen,RAI,Australia,2007/3/18,2007/3/18
2007,809,"Sepang International Circuit, Malaysia",01:35.0,Felipe,Massa,MAS,Malaysia,2007/4/8,2007/4/8
2007,810,"Bahrain International Circuit, Bahrain",01:32.7,Felipe,Massa,MAS,Bahrain,2007/4/15,2007/4/15
2007,811,"Circuit de Barcelona-Catalunya, Spain",01:21.4,Felipe,Massa,MAS,Spain,2007/5/13,2007/5/13
2007,812,"Circuit de Monaco, Monaco",01:15.7,Fernando,Alonso,ALO,Monaco,2007/5/27,2007/5/27
2007,813,"Circuit Gilles-Villeneuve, Canada",01:15.7,Lewis,Hamilton,HAM,Canada,2007/6/10,2007/6/10
2007,814,"Indianapolis Motor Speedway, United States",01:12.3,Lewis,Hamilton,HAM,United States,2007/6/17,2007/6/17
2007,815,"Circuit de Nevers Magny-Cours, France",01:15.0,Felipe,Massa,MAS,France,2007/7/1,2007/7/1
2007,816,"Silverstone Circuit, Great Britain",01:20.0,Lewis,Hamilton,HAM,Great Britain,2007/7/8,2007/7/8
2007,817,"Nürburgring, Germany",01:31.5,Kimi,R?ikk?nen,RAI,Europe,2007/7/22,2007/7/22
2007,818,"Hungaroring, Hungary",01:19.8,Lewis,Hamilton,HAM,Hungary,2007/8/5,2007/8/5
2007,819,"Intercity Istanbul Park, Turkey",01:27.3,Felipe,Massa,MAS,Turkey,2007/8/26,2007/8/26
2007,820,"Autodromo Nazionale Monza, Italy",01:22.0,Fernando,Alonso,ALO,Italy,2007/9/9,2007/9/9
2007,821,"Circuit de Spa-Francorchamps, Belgium",01:46.0,Kimi,R?ikk?nen,RAI,Belgium,2007/9/16,2007/9/16
2007,822,"Fuji Speedway, Japan",01:25.4,Lewis,Hamilton,HAM,Japan,2007/9/30,2007/9/30
2007,823,"Shanghai International Circuit, China",01:35.9,Lewis,Hamilton,HAM,China,2007/10/7,2007/10/7
2007,824,"Autódromo José Carlos Pace, Brazil",01:11.9,Felipe,Massa,MAS,Brazil,2007/10/21,2007/10/21
2006,790,"Bahrain International Circuit, Bahrain",01:31.4,Michael,Schumacher,MSC,Bahrain,2006/3/12,2006/3/12
2006,791,"Sepang International Circuit, Malaysia",01:33.8,Giancarlo,Fisichella,FIS,Malaysia,2006/3/19,2006/3/19
2006,792,"Albert Park Grand Prix Circuit, Australia",01:25.2,Jenson,Button,BUT,Australia,2006/4/2,2006/4/2
2006,793,"Autodromo Internazionale Enzo e Dino Ferrari, San Marino",01:22.8,Michael,Schumacher,MSC,San Marino,2006/4/23,2006/4/23
2006,794,"Nürburgring, Germany",01:29.8,Fernando,Alonso,ALO,Europe,2006/5/7,2006/5/7
2006,795,"Circuit de Barcelona-Catalunya, Spain",01:14.6,Fernando,Alonso,ALO,Spain,2006/5/14,2006/5/14
2006,796,"Circuit de Monaco, Monaco",01:14.0,Fernando,Alonso,ALO,Monaco,2006/5/28,2006/5/28
2006,797,"Silverstone Circuit, Great Britain",01:20.3,Fernando,Alonso,ALO,Great Britain,2006/6/11,2006/6/11
2006,798,"Circuit Gilles-Villeneuve, Canada",01:14.9,Fernando,Alonso,ALO,Canada,2006/6/25,2006/6/25
2006,799,"Indianapolis Motor Speedway, United States",01:10.8,Michael,Schumacher,MSC,United States,2006/7/2,2006/7/2
2006,800,"Circuit de Nevers Magny-Cours, France",01:15.5,Michael,Schumacher,MSC,France,2006/7/16,2006/7/16
2006,801,"Hockenheimring, Germany",01:14.1,Kimi,R?ikk?nen,RAI,Germany,2006/7/30,2006/7/30
2006,802,"Hungaroring, Hungary",01:19.6,Kimi,R?ikk?nen,RAI,Hungary,2006/8/6,2006/8/6
2006,803,"Intercity Istanbul Park, Turkey",01:26.9,Felipe,Massa,MAS,Turkey,2006/8/27,2006/8/27
2006,804,"Autodromo Nazionale Monza, Italy",01:21.5,Kimi,R?ikk?nen,RAI,Italy,2006/9/10,2006/9/10
2006,805,"Shanghai International Circuit, China",01:44.4,Fernando,Alonso,ALO,China,2006/10/1,2006/10/1
2006,806,"Suzuka Circuit, Japan",01:29.6,Felipe,Massa,MAS,Japan,2006/10/8,2006/10/8
2006,807,"Autódromo José Carlos Pace, Brazil",01:10.7,Felipe,Massa,MAS,Brazil,2006/10/22,2006/10/22
2005,771,"Albert Park Grand Prix Circuit, Australia",03:01.5,Giancarlo,Fisichella,FIS,Australia,2005/3/6,2005/3/6
2005,772,"Sepang International Circuit, Malaysia",03:07.7,Fernando,Alonso,ALO,Malaysia,2005/3/20,2005/3/20
2005,773,"Bahrain International Circuit, Bahrain",03:01.9,Fernando,Alonso,ALO,Bahrain,2005/4/3,2005/4/3
2005,774,"Autodromo Internazionale Enzo e Dino Ferrari, San Marino",02:42.9,Kimi,R?ikk?nen,RAI,San Marino,2005/4/24,2005/4/24
2005,775,"Circuit de Barcelona-Catalunya, Spain",02:31.4,Kimi,R?ikk?nen,RAI,Spain,2005/5/8,2005/5/8
2005,776,"Circuit de Monaco, Monaco",02:30.3,Kimi,R?ikk?nen,RAI,Monaco,2005/5/22,2005/5/22
2005,777,"Nürburgring, Germany",01:30.1,Nick,Heidfeld,HEI,Europe,2005/5/29,2005/5/29
2005,778,"Circuit Gilles-Villeneuve, Canada",01:15.2,Jenson,Button,BUT,Canada,2005/6/12,2005/6/12
2005,779,"Indianapolis Motor Speedway, United States",01:10.6,Jarno,Trulli,TRU,United States,2005/6/19,2005/6/19
2005,780,"Circuit de Nevers Magny-Cours, France",01:14.4,Fernando,Alonso,ALO,France,2005/7/3,2005/7/3
2005,781,"Silverstone Circuit, Great Britain",01:19.9,Fernando,Alonso,ALO,Great Britain,2005/7/10,2005/7/10
2005,782,"Hockenheimring, Germany",01:14.3,Kimi,R?ikk?nen,RAI,Germany,2005/7/24,2005/7/24
2005,783,"Hungaroring, Hungary",01:19.9,Michael,Schumacher,MSC,Hungary,2005/7/31,2005/7/31
2005,784,"Intercity Istanbul Park, Turkey",01:26.8,Kimi,R?ikk?nen,RAI,Turkey,2005/8/21,2005/8/21
2005,785,"Autodromo Nazionale Monza, Italy",01:21.1,Juan Pablo,Montoya,MOY,Italy,2005/9/4,2005/9/4
2005,786,"Circuit de Spa-Francorchamps, Belgium",01:46.4,Juan Pablo,Montoya,MOY,Belgium,2005/9/11,2005/9/11
2005,787,"Autódromo José Carlos Pace, Brazil",01:12.0,Fernando,Alonso,ALO,Brazil,2005/9/25,2005/9/25
2005,788,"Suzuka Circuit, Japan",01:46.1,Ralf,Schumacher,RSC,Japan,2005/10/9,2005/10/9
2005,789,"Shanghai International Circuit, China",01:34.1,Fernando,Alonso,ALO,China,2005/10/16,2005/10/16
2004,753,"Albert Park Grand Prix Circuit, Australia",01:24.4,Michael,Schumacher,MSC,Australia,2004/3/7,2004/3/7
2004,754,"Sepang International Circuit, Malaysia",01:33.1,Michael,Schumacher,MSC,Malaysia,2004/3/21,2004/3/21
2004,755,"Bahrain International Circuit, Bahrain",01:30.1,Michael,Schumacher,MSC,Bahrain,2004/4/4,2004/4/4
2004,756,"Autodromo Internazionale Enzo e Dino Ferrari, San Marino",01:19.8,Jenson,Button,BUT,San Marino,2004/4/25,2004/4/25
2004,757,"Circuit de Barcelona-Catalunya, Spain",01:15.0,Michael,Schumacher,MSC,Spain,2004/5/9,2004/5/9
2004,758,"Circuit de Monaco, Monaco",01:14.0,Jarno,Trulli,TRU,Monaco,2004/5/23,2004/5/23
2004,759,"Nürburgring, Germany",01:28.4,Michael,Schumacher,MSC,Europe,2004/5/30,2004/5/30
2004,760,"Circuit Gilles-Villeneuve, Canada",01:12.3,Ralf,Schumacher,RSC,Canada,2004/6/13,2004/6/13
2004,761,"Indianapolis Motor Speedway, United States",01:10.2,Rubens,Barrichello,BAR,United States,2004/6/20,2004/6/20
2004,762,"Circuit de Nevers Magny-Cours, France",01:13.7,Fernando,Alonso,ALO,France,2004/7/4,2004/7/4
2004,763,"Silverstone Circuit, Great Britain",01:18.2,Kimi,R?ikk?nen,RAI,Great Britain,2004/7/11,2004/7/11
2004,764,"Hockenheimring, Germany",01:13.3,Michael,Schumacher,MSC,Germany,2004/7/25,2004/7/25
2004,765,"Hungaroring, Hungary",01:19.1,Michael,Schumacher,MSC,Hungary,2004/8/15,2004/8/15
2004,766,"Circuit de Spa-Francorchamps, Belgium",01:56.2,Jarno,Trulli,TRU,Belgium,2004/8/29,2004/8/29
2004,767,"Autodromo Nazionale Monza, Italy",01:20.1,Rubens,Barrichello,BAR,Italy,2004/9/12,2004/9/12
2004,768,"Shanghai International Circuit, China",01:34.0,Rubens,Barrichello,BAR,China,2004/9/26,2004/9/26
2004,769,"Suzuka Circuit, Japan",01:33.5,Michael,Schumacher,MSC,Japan,2004/10/10,2004/10/10
2004,770,"Autódromo José Carlos Pace, Brazil",01:10.6,Rubens,Barrichello,BAR,Brazil,2004/10/24,2004/10/24
2003,737,"Albert Park Grand Prix Circuit, Australia",01:27.2,Michael,Schumacher,MSC,Australia,2003/3/9,2003/3/9
2003,738,"Sepang International Circuit, Malaysia",01:37.0,Fernando,Alonso,ALO,Malaysia,2003/3/23,2003/3/23
2003,739,"Autódromo José Carlos Pace, Brazil",01:13.8,Rubens,Barrichello,BAR,Brazil,2003/4/6,2003/4/6
2003,740,"Autodromo Internazionale Enzo e Dino Ferrari, San Marino",01:22.3,Michael,Schumacher,MSC,San Marino,2003/4/20,2003/4/20
2003,741,"Circuit de Barcelona-Catalunya, Spain",01:17.8,Michael,Schumacher,MSC,Spain,2003/5/4,2003/5/4
2003,742,"Red Bull Ring, Austria",01:09.1,Michael,Schumacher,MSC,Austria,2003/5/18,2003/5/18
2003,743,"Circuit de Monaco, Monaco",01:15.3,Ralf,Schumacher,RSC,Monaco,2003/6/1,2003/6/1
2003,744,"Circuit Gilles-Villeneuve, Canada",01:15.5,Ralf,Schumacher,RSC,Canada,2003/6/15,2003/6/15
2003,745,"Nürburgring, Germany",01:31.5,Kimi,R?ikk?nen,RAI,Europe,2003/6/29,2003/6/29
2003,746,"Circuit de Nevers Magny-Cours, France",01:15.0,Ralf,Schumacher,RSC,France,2003/7/6,2003/7/6
2003,747,"Silverstone Circuit, Great Britain",01:21.2,Rubens,Barrichello,BAR,Great Britain,2003/7/20,2003/7/20
2003,748,"Hockenheimring, Germany",01:15.2,Juan Pablo,Montoya,MOY,Germany,2003/8/3,2003/8/3
2003,749,"Hungaroring, Hungary",01:21.7,Fernando,Alonso,ALO,Hungary,2003/8/24,2003/8/24
2003,750,"Autodromo Nazionale Monza, Italy",01:21.0,Michael,Schumacher,MSC,Italy,2003/9/14,2003/9/14
2003,751,"Indianapolis Motor Speedway, United States",01:11.7,Kimi,R?ikk?nen,RAI,United States,2003/9/28,2003/9/28
2003,752,"Suzuka Circuit, Japan",01:31.7,Rubens,Barrichello,BAR,Japan,2003/10/12,2003/10/12
2002,720,"Albert Park Grand Prix Circuit, Australia",01:25.8,Rubens,Barrichello,BAR,Australia,2002/3/3,2002/3/3
2002,721,"Sepang International Circuit, Malaysia",01:35.3,Michael,Schumacher,MSC,Malaysia,2002/3/17,2002/3/17
2002,722,"Autódromo José Carlos Pace, Brazil",01:13.1,Juan Pablo,Montoya,MOY,Brazil,2002/3/31,2002/3/31
2002,723,"Autodromo Internazionale Enzo e Dino Ferrari, San Marino",01:21.1,Michael,Schumacher,MSC,San Marino,2002/4/14,2002/4/14
2002,724,"Circuit de Barcelona-Catalunya, Spain",01:16.4,Michael,Schumacher,MSC,Spain,2002/4/28,2002/4/28
2002,725,"Red Bull Ring, Austria",01:08.1,Rubens,Barrichello,BAR,Austria,2002/5/12,2002/5/12
2002,726,"Circuit de Monaco, Monaco",01:16.7,Juan Pablo,Montoya,MOY,Monaco,2002/5/26,2002/5/26
2002,727,"Circuit Gilles-Villeneuve, Canada",01:12.8,Juan Pablo,Montoya,MOY,Canada,2002/6/9,2002/6/9
2002,728,"Nürburgring, Germany",01:29.9,Juan Pablo,Montoya,MOY,Europe,2002/6/23,2002/6/23
2002,729,"Silverstone Circuit, Great Britain",01:19.0,Juan Pablo,Montoya,MOY,Great Britain,2002/7/7,2002/7/7
2002,730,"Circuit de Nevers Magny-Cours, France",01:12.0,Juan Pablo,Montoya,MOY,France,2002/7/21,2002/7/21
2002,731,"Hockenheimring, Germany",01:14.4,Michael,Schumacher,MSC,Germany,2002/7/28,2002/7/28
2002,732,"Hungaroring, Hungary",01:13.3,Rubens,Barrichello,BAR,Hungary,2002/8/18,2002/8/18
2002,733,"Circuit de Spa-Francorchamps, Belgium",01:43.7,Michael,Schumacher,MSC,Belgium,2002/9/1,2002/9/1
2002,734,"Autodromo Nazionale Monza, Italy",01:20.3,Juan Pablo,Montoya,MOY,Italy,2002/9/15,2002/9/15
2002,735,"Indianapolis Motor Speedway, United States",01:10.8,Michael,Schumacher,MSC,United States,2002/9/29,2002/9/29
2002,736,"Suzuka Circuit, Japan",01:31.3,Michael,Schumacher,MSC,Japan,2002/10/13,2002/10/13
2001,703,"Albert Park Grand Prix Circuit, Australia",01:26.9,Michael,Schumacher,MSC,Australia,2001/3/4,2001/3/4
2001,704,"Sepang International Circuit, Malaysia",01:35.2,Michael,Schumacher,MSC,Malaysia,2001/3/18,2001/3/18
2001,705,"Autódromo José Carlos Pace, Brazil",01:13.8,Michael,Schumacher,MSC,Brazil,2001/4/1,2001/4/1
2001,706,"Autodromo Internazionale Enzo e Dino Ferrari, San Marino",01:23.1,David,Coulthard,COU,San Marino,2001/4/15,2001/4/15
2001,707,"Circuit de Barcelona-Catalunya, Spain",01:18.2,Michael,Schumacher,MSC,Spain,2001/4/29,2001/4/29
2001,708,"Red Bull Ring, Austria",01:09.6,Michael,Schumacher,MSC,Austria,2001/5/13,2001/5/13
2001,709,"Circuit de Monaco, Monaco",01:17.4,David,Coulthard,COU,Monaco,2001/5/27,2001/5/27
2001,710,"Circuit Gilles-Villeneuve, Canada",01:15.8,Michael,Schumacher,MSC,Canada,2001/6/10,2001/6/10
2001,711,"Nürburgring, Germany",01:15.0,Michael,Schumacher,MSC,Europe,2001/6/24,2001/6/24
2001,712,"Circuit de Nevers Magny-Cours, France",01:13.0,Ralf,Schumacher,RSC,France,2001/7/1,2001/7/1
2001,713,"Silverstone Circuit, Great Britain",01:20.4,Michael,Schumacher,MSC,Great Britain,2001/7/15,2001/7/15
2001,714,"Hockenheimring, Germany",01:38.1,Juan Pablo,Montoya,MOY,Germany,2001/7/29,2001/7/29
2001,715,"Hungaroring, Hungary",01:14.1,Michael,Schumacher,MSC,Hungary,2001/8/19,2001/8/19
2001,716,"Circuit de Spa-Francorchamps, Belgium",01:52.1,Juan Pablo,Montoya,MOY,Belgium,2001/9/2,2001/9/2
2001,717,"Autodromo Nazionale Monza, Italy",01:22.2,Juan Pablo,Montoya,MOY,Italy,2001/9/16,2001/9/16
2001,718,"Indianapolis Motor Speedway, United States",01:11.7,Michael,Schumacher,MSC,United States,2001/9/30,2001/9/30
2001,719,"Suzuka Circuit, Japan",01:32.5,Michael,Schumacher,MSC,Japan,2001/10/14,2001/10/14
2000,47,"Albert Park Grand Prix Circuit, Australia",01:30.6,Mika,Hakkinen,HAK,Australia,2000/3/12,2000/3/12
2000,48,"Autódromo José Carlos Pace, Brazil",01:14.1,Mika,Hakkinen,HAK,Brazil,2000/3/26,2000/3/26
2000,49,"Autodromo Internazionale Enzo e Dino Ferrari, San Marino",01:24.7,Mika,Hakkinen,HAK,San Marino,2000/4/9,2000/4/9
2000,50,"Silverstone Circuit, Great Britain",01:25.7,Rubens,Barrichello,BAR,Great Britain,2000/4/23,2000/4/23
2000,51,"Circuit de Barcelona-Catalunya, Spain",01:21.0,Michael,Schumacher,MSC,Spain,2000/5/7,2000/5/7
2000,52,"Nürburgring, Germany",01:17.5,David,Coulthard,COU,Europe,2000/5/21,2000/5/21
2000,53,"Circuit de Monaco, Monaco",01:19.5,Michael,Schumacher,MSC,Monaco,2000/6/4,2000/6/4
2000,54,"Circuit Gilles-Villeneuve, Canada",01:18.4,Michael,Schumacher,MSC,Canada,2000/6/18,2000/6/18
2000,55,"Circuit de Nevers Magny-Cours, France",01:15.6,Michael,Schumacher,MSC,France,2000/7/2,2000/7/2
2000,56,"Red Bull Ring, Austria",01:10.4,Mika,Hakkinen,HAK,Austria,2000/7/16,2000/7/16
2000,57,"Hockenheimring, Germany",01:45.7,David,Coulthard,COU,Germany,2000/7/30,2000/7/30
2000,58,"Hungaroring, Hungary",01:17.5,Michael,Schumacher,MSC,Hungary,2000/8/13,2000/8/13
2000,59,"Circuit de Spa-Francorchamps, Belgium",01:50.6,Mika,Hakkinen,HAK,Belgium,2000/8/27,2000/8/27
2000,60,"Autodromo Nazionale Monza, Italy",01:23.8,Michael,Schumacher,MSC,Italy,2000/9/10,2000/9/10
2000,61,"Indianapolis Motor Speedway, United States",01:14.3,Michael,Schumacher,MSC,United States,2000/9/24,2000/9/24
2000,62,"Suzuka Circuit, Japan",01:35.8,Michael,Schumacher,MSC,Japan,2000/10/8,2000/10/8
2000,63,"Sepang International Circuit, Malaysia",01:37.4,Michael,Schumacher,MSC,Malaysia,2000/10/22,2000/10/22
1999,687,"Albert Park Grand Prix Circuit, Australia",01:30.5,Mika,Hakkinen,HAK,Australia,1999/3/7,1999/3/7
1999,688,"Autódromo José Carlos Pace, Brazil",01:16.6,Mika,Hakkinen,HAK,Brazil,1999/4/11,1999/4/11
1999,689,"Autodromo Internazionale Enzo e Dino Ferrari, San Marino",01:26.4,Mika,Hakkinen,HAK,San Marino,1999/5/2,1999/5/2
1999,690,"Circuit de Monaco, Monaco",01:20.5,Mika,Hakkinen,HAK,Monaco,1999/5/16,1999/5/16
1999,691,"Circuit de Barcelona-Catalunya, Spain",01:22.1,Mika,Hakkinen,HAK,Spain,1999/5/30,1999/5/30
1999,692,"Circuit Gilles-Villeneuve, Canada",01:19.3,Michael,Schumacher,MSC,Canada,1999/6/13,1999/6/13
1999,693,"Circuit de Nevers Magny-Cours, France",01:38.4,Rubens,Barrichello,BAR,France,1999/6/27,1999/6/27
1999,694,"Silverstone Circuit, Great Britain",01:24.8,Mika,Hakkinen,HAK,Great Britain,1999/7/11,1999/7/11
1999,695,"Red Bull Ring, Austria",01:11.0,Mika,Hakkinen,HAK,Austria,1999/7/25,1999/7/25
1999,696,"Hockenheimring, Germany",01:43.0,Mika,Hakkinen,HAK,Germany,1999/8/1,1999/8/1
1999,697,"Hungaroring, Hungary",01:18.2,Mika,Hakkinen,HAK,Hungary,1999/8/15,1999/8/15
1999,698,"Circuit de Spa-Francorchamps, Belgium",01:50.3,Mika,Hakkinen,HAK,Belgium,1999/8/29,1999/8/29
1999,699,"Autodromo Nazionale Monza, Italy",01:22.4,Mika,Hakkinen,HAK,Italy,1999/9/12,1999/9/12
1999,700,"Nürburgring, Germany",01:19.9,Heinz-Harald,Frentzen,FRE,Europe,1999/9/26,1999/9/26
1999,701,"Sepang International Circuit, Malaysia",01:39.7,Michael,Schumacher,MSC,Malaysia,1999/10/17,1999/10/17
1999,702,"Suzuka Circuit, Japan",01:37.5,Michael,Schumacher,MSC,Japan,1999/10/31,1999/10/31
1998,671,"Albert Park Grand Prix Circuit, Australia",01:30.0,Mika,Hakkinen,HAK,Australia,1998/3/8,1998/3/8
1998,672,"Autódromo José Carlos Pace, Brazil",01:17.1,Mika,Hakkinen,HAK,Brazil,1998/3/29,1998/3/29
1998,673,"Autódromo Juan y Oscar Gálvez, Argentina",01:25.9,David,Coulthard,COU,Argentina,1998/4/12,1998/4/12
1998,674,"Autodromo Internazionale Enzo e Dino Ferrari, San Marino",01:26.0,David,Coulthard,COU,San Marino,1998/4/26,1998/4/26
1998,675,"Circuit de Barcelona-Catalunya, Spain",01:20.3,Mika,Hakkinen,HAK,Spain,1998/5/10,1998/5/10
1998,676,"Circuit de Monaco, Monaco",01:19.8,Mika,Hakkinen,HAK,Monaco,1998/5/24,1998/5/24
1998,677,"Circuit Gilles-Villeneuve, Canada",01:18.2,David,Coulthard,COU,Canada,1998/6/7,1998/6/7
1998,678,"Circuit de Nevers Magny-Cours, France",01:14.9,Mika,Hakkinen,HAK,France,1998/6/28,1998/6/28
1998,679,"Silverstone Circuit, Great Britain",01:23.3,Mika,Hakkinen,HAK,Great Britain,1998/7/12,1998/7/12
1998,680,"Red Bull Ring, Austria",01:29.6,Giancarlo,Fisichella,FIS,Austria,1998/7/26,1998/7/26
1998,681,"Hockenheimring, Germany",01:41.8,Mika,Hakkinen,HAK,Germany,1998/8/2,1998/8/2
1998,682,"Hungaroring, Hungary",01:17.0,Mika,Hakkinen,HAK,Hungary,1998/8/16,1998/8/16
1998,683,"Circuit de Spa-Francorchamps, Belgium",01:48.7,Mika,Hakkinen,HAK,Belgium,1998/8/30,1998/8/30
1998,684,"Autodromo Nazionale Monza, Italy",01:25.3,Michael,Schumacher,MSC,Italy,1998/9/13,1998/9/13
1998,685,"Nürburgring, Germany",01:18.6,Michael,Schumacher,MSC,Luxembourg,1998/9/27,1998/9/27
1998,686,"Suzuka Circuit, Japan",01:36.3,Michael,Schumacher,MSC,Japan,1998/11/1,1998/11/1
1997,654,"Albert Park Grand Prix Circuit, Australia",01:29.4,Jacques,Villeneuve,VIL,Australia,1997/3/9,1997/3/9
1997,655,"Autódromo José Carlos Pace, Brazil",01:16.0,Jacques,Villeneuve,VIL,Brazil,1997/3/30,1997/3/30
1997,656,"Autódromo Juan y Oscar Gálvez, Argentina",01:24.5,Jacques,Villeneuve,VIL,Argentina,1997/4/13,1997/4/13
1997,657,"Autodromo Internazionale Enzo e Dino Ferrari, San Marino",01:23.3,Jacques,Villeneuve,VIL,San Marino,1997/4/27,1997/4/27
1997,658,"Circuit de Monaco, Monaco",01:18.2,Heinz-Harald,Frentzen,FRE,Monaco,1997/5/11,1997/5/11
1997,659,"Circuit de Barcelona-Catalunya, Spain",01:16.5,Jacques,Villeneuve,VIL,Spain,1997/5/25,1997/5/25
1997,660,"Circuit Gilles-Villeneuve, Canada",01:18.1,Michael,Schumacher,MSC,Canada,1997/6/15,1997/6/15
1997,661,"Circuit de Nevers Magny-Cours, France",01:14.5,Michael,Schumacher,MSC,France,1997/6/29,1997/6/29
1997,662,"Silverstone Circuit, Great Britain",01:21.6,Jacques,Villeneuve,VIL,Great Britain,1997/7/13,1997/7/13
1997,663,"Hockenheimring, Germany",01:41.9,Gerhard,Berger,BER,Germany,1997/7/27,1997/7/27
1997,664,"Hungaroring, Hungary",01:14.7,Michael,Schumacher,MSC,Hungary,1997/8/10,1997/8/10
1997,665,"Circuit de Spa-Francorchamps, Belgium",01:49.5,Jacques,Villeneuve,VIL,Belgium,1997/8/24,1997/8/24
1997,666,"Autodromo Nazionale Monza, Italy",01:23.0,Jean,Alesi,ALE,Italy,1997/9/7,1997/9/7
1997,667,"Red Bull Ring, Austria",01:10.3,Jacques,Villeneuve,VIL,Austria,1997/9/21,1997/9/21
1997,668,"Nürburgring, Germany",01:16.6,Mika,Hakkinen,HAK,Luxembourg,1997/9/28,1997/9/28
1997,669,"Suzuka Circuit, Japan",01:36.1,Jacques,Villeneuve,VIL,Japan,1997/10/12,1997/10/12
1997,670,"Circuito Permanente de Jerez, Spain",01:21.1,Jacques,Villeneuve,VIL,Europe,1997/10/26,1997/10/26
1996,638,"Albert Park Grand Prix Circuit, Australia",01:32.4,Jacques,Villeneuve,VIL,Australia,1996/3/10,1996/3/10
1996,639,"Autódromo José Carlos Pace, Brazil",01:18.1,Damon,Hill,HIL,Brazil,1996/3/31,1996/3/31
1996,640,"Autódromo Juan y Oscar Gálvez, Argentina",01:30.3,Damon,Hill,HIL,Argentina,1996/4/7,1996/4/7
1996,641,"Nürburgring, Germany",01:18.9,Damon,Hill,HIL,Europe,1996/4/28,1996/4/28
1996,642,"Autodromo Internazionale Enzo e Dino Ferrari, San Marino",01:26.9,Michael,Schumacher,MSC,San Marino,1996/5/5,1996/5/5
1996,643,"Circuit de Monaco, Monaco",01:20.4,Michael,Schumacher,MSC,Monaco,1996/5/19,1996/5/19
1996,644,"Circuit de Barcelona-Catalunya, Spain",01:20.7,Damon,Hill,HIL,Spain,1996/6/2,1996/6/2
1996,645,"Circuit Gilles-Villeneuve, Canada",01:21.1,Damon,Hill,HIL,Canada,1996/6/16,1996/6/16
1996,646,"Circuit de Nevers Magny-Cours, France",01:16.0,Michael,Schumacher,MSC,France,1996/6/30,1996/6/30
1996,647,"Silverstone Circuit, Great Britain",01:26.9,Damon,Hill,HIL,Great Britain,1996/7/14,1996/7/14
1996,648,"Hockenheimring, Germany",01:43.9,Damon,Hill,HIL,Germany,1996/7/28,1996/7/28
1996,649,"Hungaroring, Hungary",01:17.1,Michael,Schumacher,MSC,Hungary,1996/8/11,1996/8/11
1996,650,"Circuit de Spa-Francorchamps, Belgium",01:50.6,Jacques,Villeneuve,VIL,Belgium,1996/8/25,1996/8/25
1996,651,"Autodromo Nazionale Monza, Italy",01:24.2,Damon,Hill,HIL,Italy,1996/9/8,1996/9/8
1996,652,"Autódromo do Estoril, Portugal",01:20.3,Damon,Hill,HIL,Portugal,1996/9/22,1996/9/22
1996,653,"Suzuka Circuit, Japan",01:38.9,Jacques,Villeneuve,VIL,Japan,1996/10/13,1996/10/13
1995,621,"Autódromo José Carlos Pace, Brazil",01:20.1,Damon,Hill,HIL,Brazil,1995/3/26,1995/3/26
1995,622,"Autódromo Juan y Oscar Gálvez, Argentina",01:53.2,David,Coulthard,COU,Argentina,1995/4/9,1995/4/9
1995,623,"Autodromo Internazionale Enzo e Dino Ferrari, San Marino",01:27.3,Michael,Schumacher,MSC,San Marino,1995/4/30,1995/4/30
1995,624,"Circuit de Barcelona-Catalunya, Spain",01:21.5,Michael,Schumacher,MSC,Spain,1995/5/14,1995/5/14
1995,625,"Circuit de Monaco, Monaco",01:22.0,Damon,Hill,HIL,Monaco,1995/5/28,1995/5/28
1995,626,"Circuit Gilles-Villeneuve, Canada",01:27.7,Michael,Schumacher,MSC,Canada,1995/6/11,1995/6/11
1995,627,"Circuit de Nevers Magny-Cours, France",01:17.2,Damon,Hill,HIL,France,1995/7/2,1995/7/2
1995,628,"Silverstone Circuit, Great Britain",01:28.1,Damon,Hill,HIL,Great Britain,1995/7/16,1995/7/16
1995,629,"Hockenheimring, Germany",01:44.4,Damon,Hill,HIL,Germany,1995/7/30,1995/7/30
1995,630,"Hungaroring, Hungary",01:17.0,Damon,Hill,HIL,Hungary,1995/8/13,1995/8/13
1995,631,"Circuit de Spa-Francorchamps, Belgium",01:54.4,Gerhard,Berger,BER,Belgium,1995/8/27,1995/8/27
1995,632,"Autodromo Nazionale Monza, Italy",01:24.5,David,Coulthard,COU,Italy,1995/9/10,1995/9/10
1995,633,"Autódromo do Estoril, Portugal",01:20.5,David,Coulthard,COU,Portugal,1995/9/24,1995/9/24
1995,634,"Nürburgring, Germany",01:18.7,David,Coulthard,COU,Europe,1995/10/1,1995/10/1
1995,635,"TI Circuit Aida, Japan",01:14.0,David,Coulthard,COU,Pacific,1995/10/22,1995/10/22
1995,636,"Suzuka Circuit, Japan",01:38.0,Michael,Schumacher,MSC,Japan,1995/10/29,1995/10/29
1995,637,"Adelaide Street Circuit, Australia",01:15.5,Damon,Hill,HIL,Australia,1995/11/12,1995/11/12
1994,605,"Autódromo José Carlos Pace, Brazil",01:16.0,Ayrton,Senna,SEN,Brazil,1994/3/27,1994/3/27
1994,606,"TI Circuit Aida, Japan",01:10.2,Ayrton,Senna,SEN,Pacific,1994/4/17,1994/4/17
1994,607,"Autodromo Internazionale Enzo e Dino Ferrari, San Marino",01:21.5,Ayrton,Senna,SEN,San Marino,1994/5/1,1994/5/1
1994,608,"Circuit de Monaco, Monaco",01:18.6,Michael,Schumacher,MSC,Monaco,1994/5/15,1994/5/15
1994,609,"Circuit de Barcelona-Catalunya, Spain",01:21.9,Michael,Schumacher,MSC,Spain,1994/5/29,1994/5/29
1994,610,"Circuit Gilles-Villeneuve, Canada",01:26.2,Michael,Schumacher,MSC,Canada,1994/6/12,1994/6/12
1994,611,"Circuit de Nevers Magny-Cours, France",01:16.3,Damon,Hill,HIL,France,1994/7/3,1994/7/3
1994,612,"Silverstone Circuit, Great Britain",01:25.0,Damon,Hill,HIL,Great Britain,1994/7/10,1994/7/10
1994,613,"Hockenheimring, Germany",01:43.6,Gerhard,Berger,BER,Germany,1994/7/31,1994/7/31
1994,614,"Hungaroring, Hungary",01:18.3,Michael,Schumacher,MSC,Hungary,1994/8/14,1994/8/14
1994,615,"Circuit de Spa-Francorchamps, Belgium",02:21.2,Rubens,Barrichello,BAR,Belgium,1994/8/28,1994/8/28
1994,616,"Autodromo Nazionale Monza, Italy",01:23.8,Jean,Alesi,ALE,Italy,1994/9/11,1994/9/11
1994,617,"Autódromo do Estoril, Portugal",01:20.6,Gerhard,Berger,BER,Portugal,1994/9/25,1994/9/25
1994,618,"Circuito Permanente de Jerez, Spain",01:22.8,Michael,Schumacher,MSC,Europe,1994/10/16,1994/10/16
1994,619,"Suzuka Circuit, Japan",01:37.2,Michael,Schumacher,MSC,Japan,1994/11/6,1994/11/6
1994,620,"Adelaide Street Circuit, Australia",01:16.2,Nigel,Mansell,MAN,Australia,1994/11/13,1994/11/13
1993,3,"Silverstone Circuit, Great Britain",01:15.7,Alain,Prost,PRO,South Africa,1993/7/11,1993/7/11
1993,590,"Kyalami Grand Prix Circuit, South Africa",01:15.9,Alain,Prost,PRO,Brazil,1993/3/14,1993/3/14
1993,591,"Autódromo José Carlos Pace, Brazil",01:10.5,Alain,Prost,PRO,Europe,1993/3/28,1993/3/28
1993,592,"Donington Park, Great Britain",01:22.1,Alain,Prost,PRO,San Marino,1993/4/11,1993/4/11
1993,593,"Autodromo Internazionale Enzo e Dino Ferrari, San Marino",01:17.8,Alain,Prost,PRO,Spain,1993/4/25,1993/4/25
1993,594,"Circuit de Barcelona-Catalunya, Spain",01:20.6,Alain,Prost,PRO,Monaco,1993/5/9,1993/5/9
1993,595,"Circuit de Monaco, Monaco",01:19.0,Alain,Prost,PRO,Canada,1993/5/23,1993/5/23
1993,596,"Circuit Gilles-Villeneuve, Canada",01:14.4,Damon,Hill,HIL,France,1993/6/13,1993/6/13
1993,597,"Circuit de Nevers Magny-Cours, France",01:19.0,Alain,Prost,PRO,Great Britain,1993/7/4,1993/7/4
1993,598,"Hockenheimring, Germany",01:38.7,Alain,Prost,PRO,Germany,1993/7/25,1993/7/25
1993,599,"Hungaroring, Hungary",01:14.6,Alain,Prost,PRO,Hungary,1993/8/15,1993/8/15
1993,600,"Circuit de Spa-Francorchamps, Belgium",01:47.6,Alain,Prost,PRO,Belgium,1993/8/29,1993/8/29
1993,601,"Autodromo Nazionale Monza, Italy",01:21.2,Alain,Prost,PRO,Italy,1993/9/12,1993/9/12
1993,602,"Autódromo do Estoril, Portugal",01:11.5,Damon,Hill,HIL,Portugal,1993/9/26,1993/9/26
1993,603,"Suzuka Circuit, Japan",01:37.2,Alain,Prost,PRO,Japan,1993/10/24,1993/10/24
1993,604,"Adelaide Street Circuit, Australia",01:13.4,Ayrton,Senna,SEN,Australia,1993/11/7,1993/11/7
1992,2,"Kyalami Grand Prix Circuit, South Africa",01:15.5,Nigel,Mansell,MAN,South Africa,1992/3/1,1992/3/1
1992,575,"Autódromo Hermanos Rodríguez, Mexico",01:16.3,Nigel,Mansell,MAN,Mexico,1992/3/22,1992/3/22
1992,576,"Autódromo José Carlos Pace, Brazil",01:15.7,Nigel,Mansell,MAN,Brazil,1992/4/5,1992/4/5
1992,577,"Circuit de Barcelona-Catalunya, Spain",01:20.2,Nigel,Mansell,MAN,Spain,1992/5/3,1992/5/3
1992,578,"Autodromo Internazionale Enzo e Dino Ferrari, San Marino",01:21.8,Nigel,Mansell,MAN,San Marino,1992/5/17,1992/5/17
1992,579,"Circuit de Monaco, Monaco",01:19.5,Nigel,Mansell,MAN,Monaco,1992/5/31,1992/5/31
1992,580,"Circuit Gilles-Villeneuve, Canada",01:19.8,Ayrton,Senna,SEN,Canada,1992/6/14,1992/6/14
1992,581,"Circuit de Nevers Magny-Cours, France",01:13.9,Nigel,Mansell,MAN,France,1992/7/5,1992/7/5
1992,582,"Silverstone Circuit, Great Britain",01:19.0,Nigel,Mansell,MAN,Great Britain,1992/7/12,1992/7/12
1992,583,"Hockenheimring, Germany",01:38.0,Nigel,Mansell,MAN,Germany,1992/7/26,1992/7/26
1992,584,"Hungaroring, Hungary",01:15.5,Riccardo,Patrese,PAT,Hungary,1992/8/16,1992/8/16
1992,585,"Circuit de Spa-Francorchamps, Belgium",01:50.5,Nigel,Mansell,MAN,Belgium,1992/8/30,1992/8/30
1992,586,"Autodromo Nazionale Monza, Italy",01:22.2,Nigel,Mansell,MAN,Italy,1992/9/13,1992/9/13
1992,587,"Autódromo do Estoril, Portugal",01:13.0,Nigel,Mansell,MAN,Portugal,1992/9/27,1992/9/27
1992,588,"Suzuka Circuit, Japan",01:37.4,Nigel,Mansell,MAN,Japan,1992/10/25,1992/10/25
1992,589,"Adelaide Street Circuit, Australia",01:13.7,Nigel,Mansell,MAN,Australia,1992/11/8,1992/11/8
1991,559,"Phoenix Street Circuit, United States",01:21.4,Ayrton,Senna,SEN,United States,1991/3/10,1991/3/10
1991,560,"Autódromo José Carlos Pace, Brazil",01:16.4,Ayrton,Senna,SEN,Brazil,1991/3/24,1991/3/24
1991,561,"Autodromo Internazionale Enzo e Dino Ferrari, San Marino",01:21.9,Ayrton,Senna,SEN,San Marino,1991/4/28,1991/4/28
1991,562,"Circuit de Monaco, Monaco",01:20.3,Ayrton,Senna,SEN,Monaco,1991/5/12,1991/5/12
1991,563,"Circuit Gilles-Villeneuve, Canada",01:19.8,Riccardo,Patrese,PAT,Canada,1991/6/2,1991/6/2
1991,564,"Autódromo Hermanos Rodríguez, Mexico",01:16.7,Riccardo,Patrese,PAT,Mexico,1991/6/16,1991/6/16
1991,565,"Circuit de Nevers Magny-Cours, France",01:14.6,Riccardo,Patrese,PAT,France,1991/7/7,1991/7/7
1991,566,"Silverstone Circuit, Great Britain",01:20.9,Nigel,Mansell,MAN,Great Britain,1991/7/14,1991/7/14
1991,567,"Hockenheimring, Germany",01:37.1,Nigel,Mansell,MAN,Germany,1991/7/28,1991/7/28
1991,568,"Hungaroring, Hungary",01:16.1,Ayrton,Senna,SEN,Hungary,1991/8/11,1991/8/11
1991,569,"Circuit de Spa-Francorchamps, Belgium",01:47.8,Ayrton,Senna,SEN,Belgium,1991/8/25,1991/8/25
1991,570,"Autodromo Nazionale Monza, Italy",01:21.1,Ayrton,Senna,SEN,Italy,1991/9/8,1991/9/8
1991,571,"Autódromo do Estoril, Portugal",01:13.0,Riccardo,Patrese,PAT,Portugal,1991/9/22,1991/9/22
1991,572,"Circuit de Barcelona-Catalunya, Spain",01:18.8,Gerhard,Berger,BER,Spain,1991/9/29,1991/9/29
1991,573,"Suzuka Circuit, Japan",01:34.7,Gerhard,Berger,BER,Japan,1991/10/20,1991/10/20
1991,574,"Adelaide Street Circuit, Australia",01:14.0,Ayrton,Senna,SEN,Australia,1991/11/3,1991/11/3
1990,64,"Phoenix Street Circuit, United States",01:28.7,Gerhard,Berger,BER,United States,1990/3/11,1990/3/11
1990,65,"Autódromo José Carlos Pace, Brazil",01:17.3,Ayrton,Senna,SEN,Brazil,1990/3/25,1990/3/25
1990,66,"Autodromo Internazionale Enzo e Dino Ferrari, San Marino",01:23.2,Ayrton,Senna,SEN,San Marino,1990/5/13,1990/5/13
1990,67,"Circuit de Monaco, Monaco",01:21.3,Ayrton,Senna,SEN,Monaco,1990/5/27,1990/5/27
1990,68,"Circuit Gilles-Villeneuve, Canada",01:20.4,Ayrton,Senna,SEN,Canada,1990/6/10,1990/6/10
1990,69,"Autódromo Hermanos Rodríguez, Mexico",01:17.2,Gerhard,Berger,BER,Mexico,1990/6/24,1990/6/24
1990,70,"Circuit Paul Ricard, France",01:04.4,Nigel,Mansell,MAN,France,1990/7/8,1990/7/8
1990,71,"Silverstone Circuit, Great Britain",01:07.4,Nigel,Mansell,MAN,Great Britain,1990/7/15,1990/7/15
1990,72,"Hockenheimring, Germany",01:40.2,Ayrton,Senna,SEN,Germany,1990/7/29,1990/7/29
1990,73,"Hungaroring, Hungary",01:17.9,Thierry,Boutsen,BOU,Hungary,1990/8/12,1990/8/12
1990,74,"Circuit de Spa-Francorchamps, Belgium",01:50.4,Ayrton,Senna,SEN,Belgium,1990/8/26,1990/8/26
1990,75,"Autodromo Nazionale Monza, Italy",01:22.5,Ayrton,Senna,SEN,Italy,1990/9/9,1990/9/9
1990,76,"Autódromo do Estoril, Portugal",01:13.6,Nigel,Mansell,MAN,Portugal,1990/9/23,1990/9/23
1990,77,"Circuito Permanente de Jerez, Spain",01:18.4,Ayrton,Senna,SEN,Spain,1990/9/30,1990/9/30
1990,78,"Suzuka Circuit, Japan",01:37.0,Ayrton,Senna,SEN,Japan,1990/10/21,1990/10/21
1990,79,"Adelaide Street Circuit, Australia",01:15.7,Ayrton,Senna,SEN,Australia,1990/11/4,1990/11/4
1989,543,"Autódromo Internacional do Rio de Janeiro, Brazil",01:25.3,Ayrton,Senna,SEN,Brazil,1989/3/26,1989/3/26
1989,544,"Autodromo Internazionale Enzo e Dino Ferrari, San Marino",01:26.0,Ayrton,Senna,SEN,San Marino,1989/4/23,1989/4/23
1989,545,"Circuit de Monaco, Monaco",01:22.3,Ayrton,Senna,SEN,Monaco,1989/5/7,1989/5/7
1989,546,"Autódromo Hermanos Rodríguez, Mexico",01:17.9,Ayrton,Senna,SEN,Mexico,1989/5/28,1989/5/28
1989,547,"Phoenix Street Circuit, United States",01:30.1,Ayrton,Senna,SEN,United States,1989/6/4,1989/6/4
1989,548,"Circuit Gilles-Villeneuve, Canada",01:21.0,Alain,Prost,PRO,Canada,1989/6/18,1989/6/18
1989,549,"Circuit Paul Ricard, France",01:07.2,Alain,Prost,PRO,France,1989/7/9,1989/7/9
1989,550,"Silverstone Circuit, Great Britain",01:09.1,Ayrton,Senna,SEN,Great Britain,1989/7/16,1989/7/16
1989,551,"Hockenheimring, Germany",01:42.3,Ayrton,Senna,SEN,Germany,1989/7/30,1989/7/30
1989,552,"Hungaroring, Hungary",01:19.7,Riccardo,Patrese,PAT,Hungary,1989/8/13,1989/8/13
1989,553,"Circuit de Spa-Francorchamps, Belgium",01:50.9,Ayrton,Senna,SEN,Belgium,1989/8/27,1989/8/27
1989,554,"Autodromo Nazionale Monza, Italy",01:23.7,Ayrton,Senna,SEN,Italy,1989/9/10,1989/9/10
1989,555,"Autódromo do Estoril, Portugal",01:15.5,Ayrton,Senna,SEN,Portugal,1989/9/24,1989/9/24
1989,556,"Circuito Permanente de Jerez, Spain",01:20.3,Ayrton,Senna,SEN,Spain,1989/10/1,1989/10/1
1989,557,"Suzuka Circuit, Japan",01:38.0,Ayrton,Senna,SEN,Japan,1989/10/22,1989/10/22
1989,558,"Adelaide Street Circuit, Australia",01:16.7,Ayrton,Senna,SEN,Australia,1989/11/5,1989/11/5
1988,527,"Autódromo Internacional do Rio de Janeiro, Brazil",01:28.1,Ayrton,Senna,SEN,Brazil,1988/4/3,1988/4/3
1988,528,"Autodromo Internazionale Enzo e Dino Ferrari, San Marino",01:27.1,Ayrton,Senna,SEN,San Marino,1988/5/1,1988/5/1
1988,529,"Circuit de Monaco, Monaco",01:24.0,Ayrton,Senna,SEN,Monaco,1988/5/15,1988/5/15
1988,530,"Autódromo Hermanos Rodríguez, Mexico",01:17.5,Ayrton,Senna,SEN,Mexico,1988/5/29,1988/5/29
1988,531,"Circuit Gilles-Villeneuve, Canada",01:21.7,Ayrton,Senna,SEN,Canada,1988/6/12,1988/6/12
1988,532,"Detroit Street Circuit, United States",01:40.6,Ayrton,Senna,SEN,Detroit,1988/6/19,1988/6/19
1988,533,"Circuit Paul Ricard, France",01:07.6,Alain,Prost,PRO,France,1988/7/3,1988/7/3
1988,534,"Silverstone Circuit, Great Britain",01:10.1,Gerhard,Berger,BER,Great Britain,1988/7/10,1988/7/10
1988,535,"Hockenheimring, Germany",01:44.6,Ayrton,Senna,SEN,Germany,1988/7/24,1988/7/24
1988,536,"Hungaroring, Hungary",01:27.6,Ayrton,Senna,SEN,Hungary,1988/8/7,1988/8/7
1988,537,"Circuit de Spa-Francorchamps, Belgium",01:53.7,Ayrton,Senna,SEN,Belgium,1988/8/28,1988/8/28
1988,538,"Autodromo Nazionale Monza, Italy",01:26.0,Ayrton,Senna,SEN,Italy,1988/9/11,1988/9/11
1988,539,"Autódromo do Estoril, Portugal",01:17.4,Alain,Prost,PRO,Portugal,1988/9/25,1988/9/25
1988,540,"Circuito Permanente de Jerez, Spain",01:24.1,Ayrton,Senna,SEN,Spain,1988/10/2,1988/10/2
1988,541,"Suzuka Circuit, Japan",01:41.9,Ayrton,Senna,SEN,Japan,1988/10/30,1988/10/30
1988,542,"Adelaide Street Circuit, Australia",01:17.7,Ayrton,Senna,SEN,Australia,1988/11/13,1988/11/13
1987,5,"Autódromo Internacional do Rio de Janeiro, Brazil",01:26.1,Nigel,Mansell,MAN,Brazil,1987/4/9,1987/4/12
1987,514,"Circuit de Monaco, Monaco",01:23.0,Nigel,Mansell,MAN,Monaco,1987/5/31,1987/5/31
1987,515,"Detroit Street Circuit, United States",01:39.3,Nigel,Mansell,MAN,Detroit,1987/6/21,1987/6/21
1987,516,"Circuit Paul Ricard, France",01:06.5,Nigel,Mansell,MAN,France,1987/7/5,1987/7/5
1987,517,"Silverstone Circuit, Great Britain",01:07.1,Nelson,Piquet,PIQ,Great Britain,1987/7/12,1987/7/12
1987,518,"Hockenheimring, Germany",01:42.6,Nigel,Mansell,MAN,Germany,1987/7/26,1987/7/26
1987,519,"Hungaroring, Hungary",01:28.0,Nigel,Mansell,MAN,Hungary,1987/8/9,1987/8/9
1987,520,"Red Bull Ring, Austria",01:23.4,Nelson,Piquet,PIQ,Austria,1987/8/16,1987/8/16
1987,521,"Autodromo Nazionale Monza, Italy",01:23.5,Nelson,Piquet,PIQ,Italy,1987/9/6,1987/9/6
1987,522,"Autódromo do Estoril, Portugal",01:17.6,Gerhard,Berger,BER,Portugal,1987/9/20,1987/9/20
1987,523,"Circuito Permanente de Jerez, Spain",01:22.5,Nelson,Piquet,PIQ,Spain,1987/9/27,1987/9/27
1987,524,"Autódromo Hermanos Rodríguez, Mexico",01:18.4,Nigel,Mansell,MAN,Mexico,1987/10/18,1987/10/18
1987,525,"Suzuka Circuit, Japan",01:40.0,Gerhard,Berger,BER,Japan,1987/11/1,1987/11/1
1987,526,"Adelaide Street Circuit, Australia",01:17.3,Gerhard,Berger,BER,Australia,1987/11/15,1987/11/15
1987,6,"Autodromo Internazionale Enzo e Dino Ferrari, San Marino",01:25.8,Ayrton,Senna,SEN,San Marino,1987/5/1,1987/5/3
1987,7,"Circuit de Spa-Francorchamps, Belgium",01:52.0,Nigel,Mansell,MAN,Belgium,1987/5/15,1987/5/17
1986,498,"Autódromo Internacional do Rio de Janeiro, Brazil",01:25.5,Ayrton,Senna,SEN,Brazil,1986/3/23,1986/3/23
1986,499,"Circuito Permanente de Jerez, Spain",01:21.6,Ayrton,Senna,SEN,Spain,1986/4/13,1986/4/13
1986,500,"Autodromo Internazionale Enzo e Dino Ferrari, San Marino",01:25.1,Ayrton,Senna,SEN,San Marino,1986/4/27,1986/4/27
1986,501,"Circuit de Monaco, Monaco",01:22.6,Alain,Prost,PRO,Monaco,1986/5/11,1986/5/11
1986,502,"Circuit de Spa-Francorchamps, Belgium",01:54.3,Nelson,Piquet,PIQ,Belgium,1986/5/25,1986/5/25
1986,503,"Circuit Gilles-Villeneuve, Canada",01:24.1,Nigel,Mansell,MAN,Canada,1986/6/15,1986/6/15
1986,504,"Detroit Street Circuit, United States",01:38.3,Ayrton,Senna,SEN,Detroit,1986/6/22,1986/6/22
1986,505,"Circuit Paul Ricard, France",01:06.5,Ayrton,Senna,SEN,France,1986/7/6,1986/7/6
1986,506,"Brands Hatch Circuit, Great Britain",01:07.0,Nelson,Piquet,PIQ,Great Britain,1986/7/13,1986/7/13
1986,507,"Hockenheimring, Germany",01:42.0,Keke,Rosberg,ROS,Germany,1986/7/27,1986/7/27
1986,508,"Hungaroring, Hungary",01:29.5,Ayrton,Senna,SEN,Hungary,1986/8/10,1986/8/10
1986,509,"Red Bull Ring, Austria",01:23.5,Teo,Fabi,FAB,Austria,1986/8/17,1986/8/17
1986,510,"Autodromo Nazionale Monza, Italy",01:24.1,Teo,Fabi,FAB,Italy,1986/9/7,1986/9/7
1986,511,"Autódromo do Estoril, Portugal",01:16.7,Ayrton,Senna,SEN,Portugal,1986/9/21,1986/9/21
1986,512,"Autódromo Hermanos Rodríguez, Mexico",01:17.0,Ayrton,Senna,SEN,Mexico,1986/10/12,1986/10/12
1986,513,"Adelaide Street Circuit, Australia",01:18.4,Nigel,Mansell,MAN,Australia,1986/10/26,1986/10/26
1985,482,"Autódromo Internacional do Rio de Janeiro, Brazil",01:27.8,Michele,Alboreto,ALB,Brazil,1985/4/7,1985/4/7
1985,483,"Autódromo do Estoril, Portugal",01:21.0,Ayrton,Senna,SEN,Portugal,1985/4/21,1985/4/21
1985,484,"Autodromo Internazionale Enzo e Dino Ferrari, San Marino",01:27.3,Ayrton,Senna,SEN,San Marino,1985/5/5,1985/5/5
1985,485,"Circuit de Monaco, Monaco",01:20.4,Ayrton,Senna,SEN,Monaco,1985/5/19,1985/5/19
1985,486,"Circuit Gilles-Villeneuve, Canada",01:24.6,Elio,de Angelis,DEA,Canada,1985/6/16,1985/6/16
1985,487,"Detroit Street Circuit, United States",01:42.1,Ayrton,Senna,SEN,Detroit,1985/6/23,1985/6/23
1985,488,"Circuit Paul Ricard, France",01:32.5,Keke,Rosberg,ROS,France,1985/7/7,1985/7/7
1985,489,"Silverstone Circuit, Great Britain",01:05.6,Keke,Rosberg,ROS,Great Britain,1985/7/21,1985/7/21
1985,490,"Nürburgring, Germany",01:17.4,Teo,Fabi,FAB,Germany,1985/8/4,1985/8/4
1985,491,"Red Bull Ring, Austria",01:25.5,Alain,Prost,PRO,Austria,1985/8/18,1985/8/18
1985,492,"Circuit Zandvoort, Netherlands",01:11.1,Nelson,Piquet,PIQ,Netherlands,1985/8/25,1985/8/25
1985,493,"Autodromo Nazionale Monza, Italy",01:25.1,Ayrton,Senna,SEN,Italy,1985/9/8,1985/9/8
1985,494,"Circuit de Spa-Francorchamps, Belgium",01:55.3,Alain,Prost,PRO,Belgium,1985/9/15,1985/9/15
1985,495,"Brands Hatch Circuit, Great Britain",01:07.2,Ayrton,Senna,SEN,Europe,1985/10/6,1985/10/6
1985,496,"Kyalami Grand Prix Circuit, South Africa",01:02.4,Nigel,Mansell,MAN,South Africa,1985/10/19,1985/10/19
1985,497,"Adelaide Street Circuit, Australia",01:19.8,Ayrton,Senna,SEN,Australia,1985/11/3,1985/11/3
1984,466,"Autódromo Internacional do Rio de Janeiro, Brazil",01:28.4,Elio,de Angelis,DEA,Brazil,1984/3/25,1984/3/25
1984,467,"Kyalami Grand Prix Circuit, South Africa",01:04.9,Nelson,Piquet,PIQ,South Africa,1984/4/7,1984/4/7
1984,468,"Circuit Zolder, Belgium",01:14.8,Michele,Alboreto,ALB,Belgium,1984/4/29,1984/4/29
1984,469,"Autodromo Internazionale Enzo e Dino Ferrari, San Marino",01:28.5,Nelson,Piquet,PIQ,San Marino,1984/5/6,1984/5/6
1984,470,"Circuit Dijon-Prenois, France",01:02.2,Patrick,Tambay,TAM,France,1984/5/20,1984/5/20
1984,471,"Circuit de Monaco, Monaco",01:22.7,Alain,Prost,PRO,Monaco,1984/6/3,1984/6/3
1984,472,"Circuit Gilles-Villeneuve, Canada",01:25.4,Nelson,Piquet,PIQ,Canada,1984/6/17,1984/6/17
1984,473,"Detroit Street Circuit, United States",01:41.0,Nelson,Piquet,PIQ,Detroit,1984/6/24,1984/6/24
1984,474,"Dallas Fair Park, United States",01:37.0,Nigel,Mansell,MAN,Dallas,1984/7/8,1984/7/8
1984,475,"Brands Hatch Circuit, Great Britain",01:10.9,Nelson,Piquet,PIQ,Great Britain,1984/7/22,1984/7/22
1984,476,"Hockenheimring, Germany",01:47.0,Alain,Prost,PRO,Germany,1984/8/5,1984/8/5
1984,477,"Red Bull Ring, Austria",01:26.2,Nelson,Piquet,PIQ,Austria,1984/8/19,1984/8/19
1984,478,"Circuit Zandvoort, Netherlands",01:13.6,Alain,Prost,PRO,Netherlands,1984/8/26,1984/8/26
1984,479,"Autodromo Nazionale Monza, Italy",01:26.6,Nelson,Piquet,PIQ,Italy,1984/9/9,1984/9/9
1984,480,"Nürburgring, Germany",01:18.9,Nelson,Piquet,PIQ,Europe,1984/10/7,1984/10/7
1984,481,"Autódromo do Estoril, Portugal",01:21.7,Nelson,Piquet,PIQ,Portugal,1984/10/21,1984/10/21
1983,453,"Long Beach Street Circuit, United States",01:36.7,Alain,Prost,PRO,France,1983/3/27,1983/3/27
1983,454,"Circuit Paul Ricard, France",01:31.2,Rene,Arnoux,ARN,San Marino,1983/4/17,1983/4/17
1983,455,"Autodromo Internazionale Enzo e Dino Ferrari, San Marino",01:24.8,Alain,Prost,PRO,Monaco,1983/5/1,1983/5/1
1983,456,"Circuit de Monaco, Monaco",02:04.6,Alain,Prost,PRO,Belgium,1983/5/15,1983/5/15
1983,457,"Circuit de Spa-Francorchamps, Belgium",01:44.7,Rene,Arnoux,ARN,Detroit,1983/5/22,1983/5/22
1983,458,"Circuit Gilles-Villeneuve, Canada",01:28.7,Rene,Arnoux,ARN,Canada,1983/6/12,1983/6/12
1983,459,"Silverstone Circuit, Great Britain",01:09.5,Rene,Arnoux,ARN,Great Britain,1983/7/16,1983/7/16
1983,460,"Hockenheimring, Germany",01:49.3,Patrick,Tambay,TAM,Germany,1983/8/7,1983/8/7
1983,461,"Red Bull Ring, Austria",01:29.9,Patrick,Tambay,TAM,Austria,1983/8/14,1983/8/14
1983,462,"Circuit Zandvoort, Netherlands",01:15.6,Nelson,Piquet,PIQ,Netherlands,1983/8/28,1983/8/28
1983,463,"Autodromo Nazionale Monza, Italy",01:29.1,Riccardo,Patrese,PAT,Italy,1983/9/11,1983/9/11
1983,464,"Brands Hatch Circuit, Great Britain",01:12.1,Elio,de Angelis,DEA,Europe,1983/9/25,1983/9/25
1983,465,"Kyalami Grand Prix Circuit, South Africa",01:06.6,Patrick,Tambay,TAM,South Africa,1983/10/15,1983/10/15
1983,8,"Detroit Street Circuit, United States",01:34.5,Keke,Rosberg,ROS,Brazil,1983/6/5,1983/6/5
1983,9,"Autódromo Internacional do Rio de Janeiro, Brazil",01:26.1,Patrick,Tambay,TAM,USA West,1983/3/11,1983/3/13
1982,437,"Kyalami Grand Prix Circuit, South Africa",01:06.4,Rene,Arnoux,ARN,South Africa,1982/1/23,1982/1/23
1982,438,"Autódromo Internacional do Rio de Janeiro, Brazil",01:28.8,Alain,Prost,PRO,Brazil,1982/3/21,1982/3/21
1982,439,"Long Beach Street Circuit, United States",01:27.3,Andrea,de Cesaris,DEC,USA West,1982/4/4,1982/4/4
1982,440,"Autodromo Internazionale Enzo e Dino Ferrari, San Marino",01:29.8,Rene,Arnoux,ARN,San Marino,1982/4/25,1982/4/25
1982,441,"Circuit Zolder, Belgium",01:15.7,Alain,Prost,PRO,Belgium,1982/5/9,1982/5/9
1982,442,"Circuit de Monaco, Monaco",01:23.3,Rene,Arnoux,ARN,Monaco,1982/5/23,1982/5/23
1982,443,"Detroit Street Circuit, United States",01:48.5,Alain,Prost,PRO,Detroit,1982/6/6,1982/6/6
1982,444,"Circuit Gilles-Villeneuve, Canada",01:27.5,Didier,Pironi,PIR,Canada,1982/6/13,1982/6/13
1982,445,"Circuit Zandvoort, Netherlands",01:14.2,Rene,Arnoux,ARN,Netherlands,1982/7/3,1982/7/3
1982,446,"Brands Hatch Circuit, Great Britain",01:09.5,Keke,Rosberg,ROS,Great Britain,1982/7/18,1982/7/18
1982,447,"Circuit Paul Ricard, France",01:34.4,Rene,Arnoux,ARN,France,1982/7/25,1982/7/25
1982,448,"Hockenheimring, Germany",01:47.9,Didier,Pironi,PIR,Germany,1982/8/8,1982/8/8
1982,449,"Red Bull Ring, Austria",01:27.6,Nelson,Piquet,PIQ,Austria,1982/8/15,1982/8/15
1982,450,"Circuit Dijon-Prenois, France",01:01.4,Alain,Prost,PRO,Switzerland,1982/8/29,1982/8/29
1982,451,"Autodromo Nazionale Monza, Italy",01:28.5,Mario,Andretti,AND,Italy,1982/9/12,1982/9/12
1982,452,"Caesars Palace, United States",01:16.4,Alain,Prost,PRO,Caesar's Palace,1982/9/25,1982/9/25
1981,422,"Long Beach Street Circuit, United States",01:19.4,Riccardo,Patrese,PAT,USA West,1981/3/15,1981/3/15
1981,423,"Autódromo Internacional do Rio de Janeiro, Brazil",01:35.1,Nelson,Piquet,PIQ,Brazil,1981/3/29,1981/3/29
1981,424,"Autódromo Juan y Oscar Gálvez, Argentina",01:42.7,Nelson,Piquet,PIQ,Argentina,1981/4/12,1981/4/12
1981,425,"Autodromo Internazionale Enzo e Dino Ferrari, San Marino",01:34.5,Gilles,Villeneuve,VIL,San Marino,1981/5/3,1981/5/3
1981,426,"Circuit Zolder, Belgium",01:22.3,Carlos,Reutemann,REU,Belgium,1981/5/17,1981/5/17
1981,427,"Circuit de Monaco, Monaco",01:25.7,Nelson,Piquet,PIQ,Monaco,1981/5/31,1981/5/31
1981,428,"Circuito Permanente del Jarama, Spain",01:13.8,Jacques,Laffite,LAF,Spain,1981/6/21,1981/6/21
1981,429,"Circuit Dijon-Prenois, France",01:06.0,Rene,Arnoux,ARN,France,1981/7/5,1981/7/5
1981,430,"Silverstone Circuit, Great Britain",01:11.0,Rene,Arnoux,ARN,Great Britain,1981/7/18,1981/7/18
1981,431,"Hockenheimring, Germany",01:47.5,Alain,Prost,PRO,Germany,1981/8/2,1981/8/2
1981,432,"Red Bull Ring, Austria",01:32.0,Rene,Arnoux,ARN,Austria,1981/8/16,1981/8/16
1981,433,"Circuit Zandvoort, Netherlands",01:18.2,Alain,Prost,PRO,Netherlands,1981/8/30,1981/8/30
1981,434,"Autodromo Nazionale Monza, Italy",01:33.5,Rene,Arnoux,ARN,Italy,1981/9/13,1981/9/13
1981,435,"Circuit Gilles-Villeneuve, Canada",01:29.2,Nelson,Piquet,PIQ,Canada,1981/9/27,1981/9/27
1981,436,"Caesars Palace, United States",01:17.8,Carlos,Reutemann,REU,Caesar's Palace,1981/10/17,1981/10/17
1980,80,"Autódromo Juan y Oscar Gálvez, Argentina",01:44.2,Alan,Jones,JON,Argentina,1980/1/13,1980/1/13
1980,81,"Autódromo José Carlos Pace, Brazil",02:21.4,Jean-Pierre,Jabouille,JAB,Brazil,1980/1/27,1980/1/27
1980,82,"Kyalami Grand Prix Circuit, South Africa",01:10.0,Jean-Pierre,Jabouille,JAB,South Africa,1980/3/1,1980/3/1
1980,83,"Long Beach Street Circuit, United States",01:17.7,Nelson,Piquet,PIQ,USA West,1980/3/30,1980/3/30
1980,84,"Circuit Zolder, Belgium",01:19.1,Alan,Jones,JON,Belgium,1980/5/4,1980/5/4
1980,85,"Circuit de Monaco, Monaco",01:24.8,Didier,Pironi,PIR,Monaco,1980/5/18,1980/5/18
1980,86,"Circuit Paul Ricard, France",01:38.9,Jacques,Laffite,LAF,France,1980/6/29,1980/6/29
1980,87,"Silverstone Circuit, Great Britain",01:11.0,Didier,Pironi,PIR,Great Britain,1980/7/13,1980/7/13
1980,88,"Hockenheimring, Germany",01:45.9,Alan,Jones,JON,Germany,1980/8/10,1980/8/10
1980,89,"Red Bull Ring, Austria",01:30.3,Rene,Arnoux,ARN,Austria,1980/8/17,1980/8/17
1980,90,"Circuit Zandvoort, Netherlands",01:17.4,Rene,Arnoux,ARN,Netherlands,1980/8/31,1980/8/31
1980,91,"Autodromo Internazionale Enzo e Dino Ferrari, Italy",01:34.0,Rene,Arnoux,ARN,Italy,1980/9/14,1980/9/14
1980,92,"Circuit Gilles-Villeneuve, Canada",01:27.3,Nelson,Piquet,PIQ,Canada,1980/9/28,1980/9/28
1980,93,"Watkins Glen International, United States",01:33.3,Bruno,Giacomelli,GIA,USA East,1980/10/5,1980/10/5
1979,407,"Autódromo Juan y Oscar Gálvez, Argentina",01:44.2,Jacques,Laffite,LAF,Argentina,1979/1/21,1979/1/21
1979,408,"Autódromo José Carlos Pace, Brazil",02:23.1,Jacques,Laffite,LAF,Brazil,1979/2/4,1979/2/4
1979,409,"Kyalami Grand Prix Circuit, South Africa",01:11.8,Jean-Pierre,Jabouille,JAB,South Africa,1979/3/3,1979/3/3
1979,410,"Long Beach Street Circuit, United States",01:18.8,Gilles,Villeneuve,VIL,USA West,1979/4/8,1979/4/8
1979,411,"Circuito Permanente del Jarama, Spain",01:14.5,Jacques,Laffite,LAF,Spain,1979/4/29,1979/4/29
1979,412,"Circuit Zolder, Belgium",01:21.1,Jacques,Laffite,LAF,Belgium,1979/5/13,1979/5/13
1979,413,"Circuit de Monaco, Monaco",01:26.5,Jody,Scheckter,SCH,Monaco,1979/5/27,1979/5/27
1979,414,"Circuit Dijon-Prenois, France",01:07.2,Jean-Pierre,Jabouille,JAB,France,1979/7/1,1979/7/1
1979,415,"Silverstone Circuit, Great Britain",01:11.9,Alan,Jones,JON,Great Britain,1979/7/14,1979/7/14
1979,416,"Hockenheimring, Germany",01:48.5,Jean-Pierre,Jabouille,JAB,Germany,1979/7/29,1979/7/29
1979,417,"Red Bull Ring, Austria",01:34.1,Rene,Arnoux,ARN,Austria,1979/8/12,1979/8/12
1979,418,"Circuit Zandvoort, Netherlands",01:15.5,Rene,Arnoux,ARN,Netherlands,1979/8/26,1979/8/26
1979,419,"Autodromo Nazionale Monza, Italy",01:34.6,Jean-Pierre,Jabouille,JAB,Italy,1979/9/9,1979/9/9
1979,420,"Circuit Gilles-Villeneuve, Canada",01:29.9,Alan,Jones,JON,Canada,1979/9/30,1979/9/30
1979,421,"Watkins Glen International, United States",01:35.6,Alan,Jones,JON,USA East,1979/10/7,1979/10/7
1978,391,"Autódromo Juan y Oscar Gálvez, Argentina",01:47.8,Mario,Andretti,AND,Argentina,1978/1/15,1978/1/15
1978,392,"Autódromo Internacional do Rio de Janeiro, Brazil",01:40.5,Ronnie,Peterson,PET,Brazil,1978/1/29,1978/1/29
1978,393,"Kyalami Grand Prix Circuit, South Africa",01:14.7,Niki,Lauda,LAU,South Africa,1978/3/4,1978/3/4
1978,394,"Long Beach Street Circuit, United States",01:20.6,Carlos,Reutemann,REU,USA West,1978/4/2,1978/4/2
1978,395,"Circuit de Monaco, Monaco",01:28.3,Carlos,Reutemann,REU,Monaco,1978/5/7,1978/5/7
1978,396,"Circuit Zolder, Belgium",01:20.9,Mario,Andretti,AND,Belgium,1978/5/21,1978/5/21
1978,397,"Circuito Permanente del Jarama, Spain",01:16.4,Mario,Andretti,AND,Spain,1978/6/4,1978/6/4
1978,398,"Scandinavian Raceway, Sweden",01:22.1,Mario,Andretti,AND,Sweden,1978/6/17,1978/6/17
1978,399,"Circuit Paul Ricard, France",01:44.4,John,Watson,WAT,France,1978/7/2,1978/7/2
1978,400,"Brands Hatch Circuit, Great Britain",01:16.8,Ronnie,Peterson,PET,Great Britain,1978/7/16,1978/7/16
1978,401,"Hockenheimring, Germany",01:51.9,Mario,Andretti,AND,Germany,1978/7/30,1978/7/30
1978,402,"Red Bull Ring, Austria",01:37.7,Ronnie,Peterson,PET,Austria,1978/8/13,1978/8/13
1978,403,"Circuit Zandvoort, Netherlands",01:16.4,Mario,Andretti,AND,Netherlands,1978/8/27,1978/8/27
1978,404,"Autodromo Nazionale Monza, Italy",01:37.5,Mario,Andretti,AND,Italy,1978/9/10,1978/9/10
1978,405,"Watkins Glen International, United States",01:38.1,Mario,Andretti,AND,USA East,1978/10/1,1978/10/1
1978,406,"Circuit Gilles-Villeneuve, Canada",01:38.0,Jean-Pierre,Jarier,JAR,Canada,1978/10/8,1978/10/8
1977,374,"Autódromo Juan y Oscar Gálvez, Argentina",01:48.7,James,Hunt,HUN,Argentina,1977/1/9,1977/1/9
1977,375,"Autódromo José Carlos Pace, Brazil",02:30.1,James,Hunt,HUN,Brazil,1977/1/23,1977/1/23
1977,376,"Kyalami Grand Prix Circuit, South Africa",01:16.0,James,Hunt,HUN,South Africa,1977/3/5,1977/3/5
1977,377,"Long Beach Street Circuit, United States",01:21.6,Niki,Lauda,LAU,USA West,1977/4/3,1977/4/3
1977,378,"Circuito Permanente del Jarama, Spain",01:18.7,Mario,Andretti,AND,Spain,1977/5/8,1977/5/8
1977,379,"Circuit de Monaco, Monaco",01:29.9,John,Watson,WAT,Monaco,1977/5/22,1977/5/22
1977,380,"Circuit Zolder, Belgium",01:24.6,Mario,Andretti,AND,Belgium,1977/6/5,1977/6/5
1977,381,"Scandinavian Raceway, Sweden",01:25.4,Mario,Andretti,AND,Sweden,1977/6/19,1977/6/19
1977,382,"Circuit Dijon-Prenois, France",01:12.2,Mario,Andretti,AND,France,1977/7/3,1977/7/3
1977,383,"Silverstone Circuit, Great Britain",01:18.5,James,Hunt,HUN,Great Britain,1977/7/16,1977/7/16
1977,384,"Hockenheimring, Germany",01:53.1,Jody,Scheckter,SCH,Germany,1977/7/31,1977/7/31
1977,385,"Red Bull Ring, Austria",01:39.3,Niki,Lauda,LAU,Austria,1977/8/14,1977/8/14
1977,386,"Circuit Zandvoort, Netherlands",01:18.7,Mario,Andretti,AND,Netherlands,1977/8/28,1977/8/28
1977,387,"Autodromo Nazionale Monza, Italy",01:38.1,James,Hunt,HUN,Italy,1977/9/11,1977/9/11
1977,388,"Watkins Glen International, United States",01:40.9,James,Hunt,HUN,USA East,1977/10/2,1977/10/2
1977,389,"Mosport International Raceway, Canada",01:11.4,Mario,Andretti,AND,Canada,1977/10/9,1977/10/9
1977,390,"Fuji Speedway, Japan",01:12.2,Mario,Andretti,AND,Japan,1977/10/23,1977/10/23
1976,358,"Autódromo José Carlos Pace, Brazil",02:32.5,James,Hunt,HUN,Brazil,1976/1/25,1976/1/25
1976,359,"Kyalami Grand Prix Circuit, South Africa",01:16.1,James,Hunt,HUN,South Africa,1976/3/6,1976/3/6
1976,360,"Long Beach Street Circuit, United States",01:23.1,Clay,Regazzoni,REG,USA West,1976/3/28,1976/3/28
1976,361,"Circuito Permanente del Jarama, Spain",01:18.5,James,Hunt,HUN,Spain,1976/5/2,1976/5/2
1976,362,"Circuit Zolder, Belgium",01:26.6,Niki,Lauda,LAU,Belgium,1976/5/16,1976/5/16
1976,363,"Circuit de Monaco, Monaco",01:29.7,Niki,Lauda,LAU,Monaco,1976/5/30,1976/5/30
1976,364,"Scandinavian Raceway, Sweden",01:25.7,Jody,Scheckter,SCH,Sweden,1976/6/13,1976/6/13
1976,365,"Circuit Paul Ricard, France",01:47.9,James,Hunt,HUN,France,1976/7/4,1976/7/4
1976,366,"Brands Hatch Circuit, Great Britain",01:19.3,Niki,Lauda,LAU,Great Britain,1976/7/18,1976/7/18
1976,367,"Nürburgring, Germany",07:06.5,James,Hunt,HUN,Germany,1976/8/1,1976/8/1
1976,368,"Red Bull Ring, Austria",01:35.0,James,Hunt,HUN,Austria,1976/8/15,1976/8/15
1976,369,"Circuit Zandvoort, Netherlands",01:21.3,Ronnie,Peterson,PET,Netherlands,1976/8/29,1976/8/29
1976,370,"Autodromo Nazionale Monza, Italy",01:41.3,Jacques,Laffite,LAF,Italy,1976/9/12,1976/9/12
1976,371,"Mosport International Raceway, Canada",01:12.4,James,Hunt,HUN,Canada,1976/10/3,1976/10/3
1976,372,"Watkins Glen International, United States",01:43.6,James,Hunt,HUN,USA East,1976/10/10,1976/10/10
1976,373,"Fuji Speedway, Japan",01:12.8,Mario,Andretti,AND,Japan,1976/10/24,1976/10/24
1975,344,"Autódromo Juan y Oscar Gálvez, Argentina",01:49.2,Jean-Pierre,Jarier,JAR,Argentina,1975/1/12,1975/1/12
1975,345,"Autódromo José Carlos Pace, Brazil",02:29.9,Jean-Pierre,Jarier,JAR,Brazil,1975/1/26,1975/1/26
1975,346,"Kyalami Grand Prix Circuit, South Africa",01:16.4,Carlos,Pace,PAC,South Africa,1975/3/1,1975/3/1
1975,347,"Montjuïc Circuit, Spain",01:23.4,Niki,Lauda,LAU,Spain,1975/4/27,1975/4/27
1975,348,"Circuit de Monaco, Monaco",01:26.4,Niki,Lauda,LAU,Monaco,1975/5/11,1975/5/11
1975,349,"Circuit Zolder, Belgium",01:25.4,Niki,Lauda,LAU,Belgium,1975/5/25,1975/5/25
1975,350,"Scandinavian Raceway, Sweden",01:24.6,Vittorio,Brambilla,BRA,Sweden,1975/6/8,1975/6/8
1975,351,"Circuit Zandvoort, Netherlands",01:20.3,Niki,Lauda,LAU,Netherlands,1975/6/22,1975/6/22
1975,352,"Circuit Paul Ricard, France",01:47.8,Niki,Lauda,LAU,France,1975/7/6,1975/7/6
1975,353,"Silverstone Circuit, Great Britain",01:19.4,Tom,Pryce,PRY,Great Britain,1975/7/19,1975/7/19
1975,354,"Nürburgring, Germany",06:58.6,Niki,Lauda,LAU,Germany,1975/8/3,1975/8/3
1975,355,"Red Bull Ring, Austria",01:34.9,Niki,Lauda,LAU,Austria,1975/8/17,1975/8/17
1975,356,"Autodromo Nazionale Monza, Italy",01:32.2,Niki,Lauda,LAU,Italy,1975/9/7,1975/9/7
1975,357,"Watkins Glen International, United States",01:42.0,Niki,Lauda,LAU,United States,1975/10/5,1975/10/5
1974,329,"Autódromo Juan y Oscar Gálvez, Argentina",01:50.8,Ronnie,Peterson,PET,Argentina,1974/1/13,1974/1/13
1974,330,"Autódromo José Carlos Pace, Brazil",02:33.0,Emerson,Fittipaldi,FIT,Brazil,1974/1/27,1974/1/27
1974,331,"Kyalami Grand Prix Circuit, South Africa",01:16.6,Niki,Lauda,LAU,South Africa,1974/3/30,1974/3/30
1974,332,"Circuito Permanente del Jarama, Spain",01:18.4,Niki,Lauda,LAU,Spain,1974/4/28,1974/4/28
1974,333,"Complexe Européen de Nivelles-Baulers, Belgium",01:09.8,Clay,Regazzoni,REG,Belgium,1974/5/12,1974/5/12
1974,334,"Circuit de Monaco, Monaco",01:26.3,Niki,Lauda,LAU,Monaco,1974/5/26,1974/5/26
1974,335,"Scandinavian Raceway, Sweden",01:24.8,Patrick,Depailler,DEP,Sweden,1974/6/9,1974/6/9
1974,336,"Circuit Zandvoort, Netherlands",01:18.3,Niki,Lauda,LAU,Netherlands,1974/6/23,1974/6/23
1974,337,"Circuit Dijon-Prenois, France",58.79,Niki,Lauda,LAU,France,1974/7/7,1974/7/7
1974,338,"Brands Hatch Circuit, Great Britain",01:19.7,Niki,Lauda,LAU,Great Britain,1974/7/20,1974/7/20
1974,339,"Nürburgring, Germany",07:00.8,Niki,Lauda,LAU,Germany,1974/8/4,1974/8/4
1974,340,"Red Bull Ring, Austria",01:35.4,Niki,Lauda,LAU,Austria,1974/8/18,1974/8/18
1974,341,"Autodromo Nazionale Monza, Italy",01:33.2,Niki,Lauda,LAU,Italy,1974/9/8,1974/9/8
1974,342,"Mosport International Raceway, Canada",01:13.2,Emerson,Fittipaldi,FIT,Canada,1974/9/22,1974/9/22
1974,343,"Watkins Glen International, United States",01:39.0,Carlos,Reutemann,REU,United States,1974/10/6,1974/10/6
1973,314,"Autódromo Juan y Oscar Gálvez, Argentina",01:10.5,Clay,Regazzoni,REG,Argentina,1973/1/28,1973/1/28
1973,315,"Autódromo José Carlos Pace, Brazil",02:30.5,Ronnie,Peterson,PET,Brazil,1973/2/11,1973/2/11
1973,316,"Kyalami Grand Prix Circuit, South Africa",01:16.3,Denny,Hulme,HUL,South Africa,1973/3/3,1973/3/3
1973,317,"Montjuïc Circuit, Spain",01:21.8,Ronnie,Peterson,PET,Spain,1973/4/29,1973/4/29
1973,318,"Circuit Zolder, Belgium",01:22.5,Ronnie,Peterson,PET,Belgium,1973/5/20,1973/5/20
1973,319,"Circuit de Monaco, Monaco",01:27.5,Jackie,Stewart,STE,Monaco,1973/6/3,1973/6/3
1973,320,"Scandinavian Raceway, Sweden",01:23.8,Ronnie,Peterson,PET,Sweden,1973/6/17,1973/6/17
1973,321,"Circuit Paul Ricard, France",01:48.4,Jackie,Stewart,STE,France,1973/7/1,1973/7/1
1973,322,"Silverstone Circuit, Great Britain",01:16.3,Ronnie,Peterson,PET,Great Britain,1973/7/14,1973/7/14
1973,323,"Circuit Zandvoort, Netherlands",01:19.5,Ronnie,Peterson,PET,Netherlands,1973/7/29,1973/7/29
1973,324,"Nürburgring, Germany",07:07.8,Jackie,Stewart,STE,Germany,1973/8/5,1973/8/5
1973,325,"Red Bull Ring, Austria",01:35.0,Emerson,Fittipaldi,FIT,Austria,1973/8/19,1973/8/19
1973,326,"Autodromo Nazionale Monza, Italy",01:34.8,Ronnie,Peterson,PET,Italy,1973/9/9,1973/9/9
1973,327,"Mosport International Raceway, Canada",01:13.7,Ronnie,Peterson,PET,Canada,1973/9/23,1973/9/23
1973,328,"Watkins Glen International, United States",01:39.7,Ronnie,Peterson,PET,United States,1973/10/7,1973/10/7
1972,302,"Autódromo Juan y Oscar Gálvez, Argentina",01:12.5,Carlos,Reutemann,REU,Argentina,1972/1/23,1972/1/23
1972,303,"Kyalami Grand Prix Circuit, South Africa",01:17.0,Jackie,Stewart,STE,South Africa,1972/3/4,1972/3/4
1972,304,"Circuito Permanente del Jarama, Spain",01:18.4,Jacky,Ickx,ICK,Spain,1972/5/1,1972/5/1
1972,305,"Circuit de Monaco, Monaco",01:21.4,Emerson,Fittipaldi,FIT,Monaco,1972/5/14,1972/5/14
1972,306,"Complexe Européen de Nivelles-Baulers, Belgium",01:11.4,Emerson,Fittipaldi,FIT,Belgium,1972/6/4,1972/6/4
1972,307,"Charade Circuit, France",02:53.4,Chris,Amon,AMO,France,1972/7/2,1972/7/2
1972,308,"Brands Hatch Circuit, Great Britain",01:22.2,Jacky,Ickx,ICK,Great Britain,1972/7/15,1972/7/15
1972,309,"Nürburgring, Germany",07:07.0,Jacky,Ickx,ICK,Germany,1972/7/30,1972/7/30
1972,310,"Red Bull Ring, Austria",01:36.0,Emerson,Fittipaldi,FIT,Austria,1972/8/13,1972/8/13
1972,311,"Autodromo Nazionale Monza, Italy",01:35.7,Jacky,Ickx,ICK,Italy,1972/9/10,1972/9/10
1972,312,"Mosport International Raceway, Canada",01:13.6,Peter,Revson,REV,Canada,1972/9/24,1972/9/24
1972,313,"Watkins Glen International, United States",01:40.5,Jackie,Stewart,STE,United States,1972/10/8,1972/10/8
1971,291,"Kyalami Grand Prix Circuit, South Africa",01:17.8,Jackie,Stewart,STE,South Africa,1971/3/6,1971/3/6
1971,292,"Montjuïc Circuit, Spain",01:25.9,Jacky,Ickx,ICK,Spain,1971/4/18,1971/4/18
1971,293,"Circuit de Monaco, Monaco",01:23.2,Jackie,Stewart,STE,Monaco,1971/5/23,1971/5/23
1971,294,"Circuit Zandvoort, Netherlands",01:17.4,Jacky,Ickx,ICK,Netherlands,1971/6/20,1971/6/20
1971,295,"Circuit Paul Ricard, France",01:50.7,Jackie,Stewart,STE,France,1971/7/4,1971/7/4
1971,296,"Silverstone Circuit, Great Britain",01:18.1,Clay,Regazzoni,REG,Great Britain,1971/7/17,1971/7/17
1971,297,"Nürburgring, Germany",07:19.0,Jackie,Stewart,STE,Germany,1971/8/1,1971/8/1
1971,298,"Red Bull Ring, Austria",01:37.4,Jo,Siffert,SIF,Austria,1971/8/15,1971/8/15
1971,299,"Autodromo Nazionale Monza, Italy",01:22.4,Chris,Amon,AMO,Italy,1971/9/5,1971/9/5
1971,300,"Mosport International Raceway, Canada",01:15.3,Jackie,Stewart,STE,Canada,1971/9/19,1971/9/19
1971,301,"Watkins Glen International, United States",01:42.6,Jackie,Stewart,STE,United States,1971/10/3,1971/10/3
1970,278,"Kyalami Grand Prix Circuit, South Africa",01:19.3,Jackie,Stewart,STE,South Africa,1970/3/7,1970/3/7
1970,279,"Circuito Permanente del Jarama, Spain",01:23.9,Jack,Brabham,BRA,Spain,1970/4/19,1970/4/19
1970,280,"Circuit de Monaco, Monaco",01:24.0,Jackie,Stewart,STE,Monaco,1970/5/10,1970/5/10
1970,281,"Circuit de Spa-Francorchamps, Belgium",03:28.0,Jackie,Stewart,STE,Belgium,1970/6/7,1970/6/7
1970,282,"Circuit Zandvoort, Netherlands",01:18.5,Jochen,Rindt,RIN,Netherlands,1970/6/21,1970/6/21
1970,283,"Charade Circuit, France",02:58.2,Jacky,Ickx,ICK,France,1970/7/5,1970/7/5
1970,284,"Brands Hatch Circuit, Great Britain",01:24.8,Jochen,Rindt,RIN,Great Britain,1970/7/18,1970/7/18
1970,285,"Hockenheimring, Germany",01:59.5,Jacky,Ickx,ICK,Germany,1970/8/2,1970/8/2
1970,286,"Red Bull Ring, Austria",01:39.2,Jochen,Rindt,RIN,Austria,1970/8/16,1970/8/16
1970,287,"Autodromo Nazionale Monza, Italy",01:24.1,Jacky,Ickx,ICK,Italy,1970/9/6,1970/9/6
1970,288,"Mont-Tremblant, Canada",01:31.5,Jackie,Stewart,STE,Canada,1970/9/20,1970/9/20
1970,289,"Watkins Glen International, United States",01:03.1,Jacky,Ickx,ICK,United States,1970/10/4,1970/10/4
1970,290,"Autódromo Hermanos Rodríguez, Mexico",01:41.9,Clay,Regazzoni,REG,Mexico,1970/10/25,1970/10/25
1969,267,"Kyalami Grand Prix Circuit, South Africa",01:20.0,Jack,Brabham,BRA,South Africa,1969/3/1,1969/3/1
1969,268,"Montjuïc Circuit, Spain",01:25.7,Jochen,Rindt,RIN,Spain,1969/5/4,1969/5/4
1969,269,"Circuit de Monaco, Monaco",01:24.6,Jackie,Stewart,STE,Monaco,1969/5/18,1969/5/18
1969,270,"Circuit Zandvoort, Netherlands",01:20.8,Jochen,Rindt,RIN,Netherlands,1969/6/21,1969/6/21
1969,271,"Charade Circuit, France",03:00.6,Jackie,Stewart,STE,France,1969/7/6,1969/7/6
1969,272,"Silverstone Circuit, Great Britain",01:20.8,Jochen,Rindt,RIN,Great Britain,1969/7/19,1969/7/19
1969,273,"Nürburgring, Germany",07:42.1,Jacky,Ickx,ICK,Germany,1969/8/3,1969/8/3
1969,274,"Autodromo Nazionale Monza, Italy",01:25.5,Jochen,Rindt,RIN,Italy,1969/9/7,1969/9/7
1969,275,"Mosport International Raceway, Canada",01:17.4,Jacky,Ickx,ICK,Canada,1969/9/20,1969/9/20
1969,276,"Watkins Glen International, United States",01:03.6,Jochen,Rindt,RIN,United States,1969/10/5,1969/10/5
1969,277,"Autódromo Hermanos Rodríguez, Mexico",01:42.9,Jack,Brabham,BRA,Mexico,1969/10/19,1969/10/19
1968,255,"Kyalami Grand Prix Circuit, South Africa",01:21.6,Jim,Clark,CLA,South Africa,1968/1/1,1968/1/1
1968,256,"Circuito Permanente del Jarama, Spain",01:27.9,Chris,Amon,AMO,Spain,1968/5/12,1968/5/12
1968,257,"Circuit de Monaco, Monaco",01:28.2,Graham,Hill,HIL,Monaco,1968/5/26,1968/5/26
1968,258,"Circuit de Spa-Francorchamps, Belgium",03:28.6,Chris,Amon,AMO,Belgium,1968/6/9,1968/6/9
1968,259,"Circuit Zandvoort, Netherlands",01:23.5,Chris,Amon,AMO,Netherlands,1968/6/23,1968/6/23
1968,260,"Rouen les Essarts, France",01:56.1,Jochen,Rindt,RIN,France,1968/7/7,1968/7/7
1968,261,"Brands Hatch Circuit, Great Britain",01:28.9,Graham,Hill,HIL,Great Britain,1968/7/20,1968/7/20
1968,262,"Nürburgring, Germany",09:04.0,Jacky,Ickx,ICK,Germany,1968/8/4,1968/8/4
1968,263,"Autodromo Nazionale Monza, Italy",01:26.1,John,Surtees,SUR,Italy,1968/9/8,1968/9/8
1968,264,"Mont-Tremblant, Canada",01:33.8,Jochen,Rindt,RIN,Canada,1968/9/22,1968/9/22
1968,265,"Watkins Glen International, United States",01:04.2,Mario,Andretti,AND,United States,1968/10/6,1968/10/6
1968,266,"Autódromo Hermanos Rodríguez, Mexico",01:45.2,Jo,Siffert,SIF,Mexico,1968/11/3,1968/11/3
1967,244,"Kyalami Grand Prix Circuit, South Africa",01:28.3,Jack,Brabham,BRA,South Africa,1967/1/2,1967/1/2
1967,245,"Circuit de Monaco, Monaco",01:27.6,Jack,Brabham,BRA,Monaco,1967/5/7,1967/5/7
1967,246,"Circuit Zandvoort, Netherlands",01:24.6,Graham,Hill,HIL,Netherlands,1967/6/4,1967/6/4
1967,247,"Circuit de Spa-Francorchamps, Belgium",03:28.1,Jim,Clark,CLA,Belgium,1967/6/18,1967/6/18
1967,248,"Bugatti Au Mans, France",01:36.2,Graham,Hill,HIL,France,1967/7/2,1967/7/2
1967,249,"Silverstone Circuit, Great Britain",01:25.3,Jim,Clark,CLA,Great Britain,1967/7/15,1967/7/15
1967,250,"Nürburgring, Germany",08:04.1,Jim,Clark,CLA,Germany,1967/8/6,1967/8/6
1967,251,"Mosport International Raceway, Canada",01:22.4,Jim,Clark,CLA,Canada,1967/8/27,1967/8/27
1967,252,"Autodromo Nazionale Monza, Italy",01:28.5,Jim,Clark,CLA,Italy,1967/9/10,1967/9/10
1967,253,"Watkins Glen International, United States",01:05.5,Graham,Hill,HIL,United States,1967/10/1,1967/10/1
1967,254,"Autódromo Hermanos Rodríguez, Mexico",01:47.6,Jim,Clark,CLA,Mexico,1967/10/22,1967/10/22
1966,235,"Circuit de Monaco, Monaco",01:29.9,Jim,Clark,CLA,Monaco,1966/5/22,1966/5/22
1966,236,"Circuit de Spa-Francorchamps, Belgium",03:38.0,John,Surtees,SUR,Belgium,1966/6/12,1966/6/12
1966,237,"Circuit de Reims-Gueux, France",02:07.8,Lorenzo,Bandini,BAN,France,1966/7/3,1966/7/3
1966,238,"Brands Hatch Circuit, Great Britain",01:34.5,Jack,Brabham,BRA,Great Britain,1966/7/16,1966/7/16
1966,239,"Circuit Zandvoort, Netherlands",01:28.1,Jack,Brabham,BRA,Netherlands,1966/7/24,1966/7/24
1966,240,"Nürburgring, Germany",08:16.5,Jim,Clark,CLA,Germany,1966/8/7,1966/8/7
1966,241,"Autodromo Nazionale Monza, Italy",01:31.3,Mike,Parkes,PAR,Italy,1966/9/4,1966/9/4
1966,242,"Watkins Glen International, United States",01:08.4,Jack,Brabham,BRA,United States,1966/10/2,1966/10/2
1966,243,"Autódromo Hermanos Rodríguez, Mexico",01:53.2,John,Surtees,SUR,Mexico,1966/10/23,1966/10/23
1965,225,"Prince George Circuit, South Africa",01:27.2,Jim,Clark,CLA,South Africa,1965/1/1,1965/1/1
1965,226,"Circuit de Monaco, Monaco",01:32.5,Graham,Hill,HIL,Monaco,1965/5/30,1965/5/30
1965,227,"Circuit de Spa-Francorchamps, Belgium",03:45.4,Graham,Hill,HIL,Belgium,1965/6/13,1965/6/13
1965,228,"Charade Circuit, France",03:18.3,Jim,Clark,CLA,France,1965/6/27,1965/6/27
1965,229,"Silverstone Circuit, Great Britain",01:30.8,Jim,Clark,CLA,Great Britain,1965/7/10,1965/7/10
1965,230,"Circuit Zandvoort, Netherlands",01:30.7,Graham,Hill,HIL,Netherlands,1965/7/18,1965/7/18
1965,231,"Nürburgring, Germany",08:22.7,Jim,Clark,CLA,Germany,1965/8/1,1965/8/1
1965,232,"Autodromo Nazionale Monza, Italy",01:35.9,Jim,Clark,CLA,Italy,1965/9/12,1965/9/12
1965,233,"Watkins Glen International, United States",01:11.2,Graham,Hill,HIL,United States,1965/10/3,1965/10/3
1965,234,"Autódromo Hermanos Rodríguez, Mexico",01:56.2,Jim,Clark,CLA,Mexico,1965/10/24,1965/10/24
1964,215,"Circuit de Monaco, Monaco",01:34.0,Jim,Clark,CLA,Monaco,1964/5/10,1964/5/10
1964,216,"Circuit Zandvoort, Netherlands",01:31.2,Dan,Gurney,GUR,Netherlands,1964/5/24,1964/5/24
1964,217,"Circuit de Spa-Francorchamps, Belgium",03:50.9,Dan,Gurney,GUR,Belgium,1964/6/14,1964/6/14
1964,218,"Rouen les Essarts, France",02:09.6,Jim,Clark,CLA,France,1964/6/28,1964/6/28
1964,219,"Brands Hatch Circuit, Great Britain",01:38.1,Jim,Clark,CLA,Great Britain,1964/7/11,1964/7/11
1964,220,"Nürburgring, Germany",08:38.4,John,Surtees,SUR,Germany,1964/8/2,1964/8/2
1964,221,"Zeltweg Airfield, Austria",01:09.8,Graham,Hill,HIL,Austria,1964/8/23,1964/8/23
1964,222,"Autodromo Nazionale Monza, Italy",01:37.4,John,Surtees,SUR,Italy,1964/9/6,1964/9/6
1964,223,"Watkins Glen International, United States",01:12.6,Jim,Clark,CLA,United States,1964/10/4,1964/10/4
1964,224,"Autódromo Hermanos Rodríguez, Mexico",01:57.2,Jim,Clark,CLA,Mexico,1964/10/25,1964/10/25
1963,205,"Circuit de Monaco, Monaco",01:34.3,Jim,Clark,CLA,Monaco,1963/5/26,1963/5/26
1963,206,"Circuit de Spa-Francorchamps, Belgium",03:54.1,Graham,Hill,HIL,Belgium,1963/6/9,1963/6/9
1963,207,"Circuit Zandvoort, Netherlands",01:31.6,Jim,Clark,CLA,Netherlands,1963/6/23,1963/6/23
1963,208,"Circuit de Reims-Gueux, France",02:20.2,Jim,Clark,CLA,France,1963/6/30,1963/6/30
1963,209,"Silverstone Circuit, Great Britain",01:34.4,Jim,Clark,CLA,Great Britain,1963/7/20,1963/7/20
1963,210,"Nürburgring, Germany",08:45.8,Jim,Clark,CLA,Germany,1963/8/4,1963/8/4
1963,211,"Autodromo Nazionale Monza, Italy",01:37.3,John,Surtees,SUR,Italy,1963/9/8,1963/9/8
1963,212,"Watkins Glen International, United States",01:13.4,Graham,Hill,HIL,United States,1963/10/6,1963/10/6
1963,213,"Autódromo Hermanos Rodríguez, Mexico",01:58.8,Jim,Clark,CLA,Mexico,1963/10/27,1963/10/27
1963,214,"Prince George Circuit, South Africa",01:28.9,Jim,Clark,CLA,South Africa,1963/12/28,1963/12/28
1962,196,"Circuit Zandvoort, Netherlands",01:32.5,John,Surtees,SUR,Netherlands,1962/5/20,1962/5/20
1962,197,"Circuit de Monaco, Monaco",01:35.4,Jim,Clark,CLA,Monaco,1962/6/3,1962/6/3
1962,198,"Circuit de Spa-Francorchamps, Belgium",03:57.0,Graham,Hill,HIL,Belgium,1962/6/17,1962/6/17
1962,199,"Rouen les Essarts, France",02:14.8,Jim,Clark,CLA,France,1962/7/8,1962/7/8
1962,200,"Aintree Racecourse, Great Britain",01:53.6,Jim,Clark,CLA,Great Britain,1962/7/21,1962/7/21
1962,201,"Nürburgring, Germany",08:47.2,Dan,Gurney,GUR,Germany,1962/8/5,1962/8/5
1962,202,"Autodromo Nazionale Monza, Italy",01:40.4,Jim,Clark,CLA,Italy,1962/9/16,1962/9/16
1962,203,"Watkins Glen International, United States",01:15.8,Jim,Clark,CLA,United States,1962/10/7,1962/10/7
1962,204,"Prince George Circuit, South Africa",01:29.3,Jim,Clark,CLA,South Africa,1962/12/29,1962/12/29
1961,188,"Circuit de Monaco, Monaco",01:39.1,Stirling,Moss,MOS,Monaco,1961/5/14,1961/5/14
1961,189,"Circuit Zandvoort, Netherlands",01:35.7,Phil,Hill,HIL,Netherlands,1961/5/22,1961/5/22
1961,190,"Circuit de Spa-Francorchamps, Belgium",03:59.3,Phil,Hill,HIL,Belgium,1961/6/18,1961/6/18
1961,191,"Circuit de Reims-Gueux, France",02:24.9,Phil,Hill,HIL,France,1961/7/2,1961/7/2
1961,192,"Aintree Racecourse, Great Britain",01:58.8,Phil,Hill,HIL,Great Britain,1961/7/15,1961/7/15
1961,193,"Nürburgring, Germany",08:55.2,Phil,Hill,HIL,Germany,1961/8/6,1961/8/6
1961,194,"Autodromo Nazionale Monza, Italy",02:46.3,Wolfgang,von Trips,VON,Italy,1961/9/10,1961/9/10
1961,195,"Watkins Glen International, United States",01:17.0,Jack,Brabham,BRA,United States,1961/10/8,1961/10/8
1960,178,"Autódromo Juan y Oscar Gálvez, Argentina",01:36.9,Stirling,Moss,MOS,Argentina,1960/2/7,1960/2/7
1960,179,"Circuit de Monaco, Monaco",01:36.3,Stirling,Moss,MOS,Monaco,1960/5/29,1960/5/29
1960,180,"Indianapolis Motor Speedway, United States",04:05.6,Eddie,Sachs,SAC,Indianapolis,1960/5/30,1960/5/30
1960,181,"Circuit Zandvoort, Netherlands",01:33.2,Stirling,Moss,MOS,Netherlands,1960/6/6,1960/6/6
1960,182,"Circuit de Spa-Francorchamps, Belgium",03:50.0,Jack,Brabham,BRA,Belgium,1960/6/19,1960/6/19
1960,183,"Circuit de Reims-Gueux, France",02:16.8,Jack,Brabham,BRA,France,1960/7/3,1960/7/3
1960,184,"Silverstone Circuit, Great Britain",01:34.6,Jack,Brabham,BRA,Great Britain,1960/7/16,1960/7/16
1960,185,"Circuit da Boavista, Portugal",02:25.6,John,Surtees,SUR,Portugal,1960/8/14,1960/8/14
1960,186,"Autodromo Nazionale Monza, Italy",02:41.4,Phil,Hill,HIL,Italy,1960/9/4,1960/9/4
1960,187,"Riverside International Raceway, United States",01:54.4,Stirling,Moss,MOS,United States,1960/11/20,1960/11/20
1959,169,"Circuit de Monaco, Monaco",01:39.6,Stirling,Moss,MOS,Monaco,1959/5/10,1959/5/10
1959,170,"Indianapolis Motor Speedway, United States",04:06.7,Johnny,Thomson,THO,Indianapolis,1959/5/30,1959/5/30
1959,171,"Circuit Zandvoort, Netherlands",01:36.0,Jo,Bonnier,BON,Netherlands,1959/5/31,1959/5/31
1959,172,"Circuit de Reims-Gueux, France",02:19.4,Tony,Brooks,BRO,France,1959/7/5,1959/7/5
1959,173,"Aintree Racecourse, Great Britain",01:58.0,Jack,Brabham,BRA,Great Britain,1959/7/18,1959/7/18
1959,174,"Automobil-Verkehrs und Übungs-Straße, Germany",02:05.9,Tony,Brooks,BRO,Germany,1959/8/2,1959/8/2
1959,175,"Monsanto Park, Portugal",02:02.9,Stirling,Moss,MOS,Portugal,1959/8/23,1959/8/23
1959,176,"Autodromo Nazionale Monza, Italy",01:39.7,Stirling,Moss,MOS,Italy,1959/9/13,1959/9/13
1959,177,"Sebring Raceway, United States",03:00.0,Stirling,Moss,MOS,United States,1959/12/12,1959/12/12
1958,158,"Autódromo Juan y Oscar Gálvez, Argentina",01:42.0,Juan Manuel,Fangio,FAN,Argentina,1958/1/19,1958/1/19
1958,159,"Circuit de Monaco, Monaco",01:39.8,Tony,Brooks,BRO,Monaco,1958/5/18,1958/5/18
1958,160,"Circuit Zandvoort, Netherlands",01:37.1,Stuart,Lewis-Evans,LEW,Netherlands,1958/5/26,1958/5/26
1958,161,"Indianapolis Motor Speedway, United States",04:06.6,Dick,Rathmann,RAT,Indianapolis,1958/5/30,1958/5/30
1958,162,"Circuit de Spa-Francorchamps, Belgium",03:57.1,Mike,Hawthorn,HAW,Belgium,1958/6/15,1958/6/15
1958,163,"Circuit de Reims-Gueux, France",02:21.7,Mike,Hawthorn,HAW,France,1958/7/6,1958/7/6
1958,164,"Silverstone Circuit, Great Britain",01:39.4,Stirling,Moss,MOS,Great Britain,1958/7/19,1958/7/19
1958,165,"Nürburgring, Germany",09:14.0,Mike,Hawthorn,HAW,Germany,1958/8/3,1958/8/3
1958,166,"Circuit da Boavista, Portugal",02:34.2,Stirling,Moss,MOS,Portugal,1958/8/24,1958/8/24
1958,167,"Autodromo Nazionale Monza, Italy",01:40.5,Stirling,Moss,MOS,Italy,1958/9/7,1958/9/7
1958,168,"Ain-Diab Circuit, Morocco",02:23.1,Mike,Hawthorn,HAW,Morocco,1958/10/19,1958/10/19
1957,150,"Autódromo Juan y Oscar Gálvez, Argentina",01:42.6,Stirling,Moss,MOS,Argentina,1957/1/13,1957/1/13
1957,151,"Circuit de Monaco, Monaco",01:42.7,Juan Manuel,Fangio,FAN,Monaco,1957/5/19,1957/5/19
1957,152,"Indianapolis Motor Speedway, United States",04:10.1,Pat,O'Connor,O'C,Indianapolis,1957/5/30,1957/5/30
1957,153,"Rouen les Essarts, France",02:21.5,Juan Manuel,Fangio,FAN,France,1957/7/7,1957/7/7
1957,154,"Aintree Racecourse, Great Britain",02:00.2,Stirling,Moss,MOS,Great Britain,1957/7/20,1957/7/20
1957,155,"Nürburgring, Germany",09:25.6,Juan Manuel,Fangio,FAN,Germany,1957/8/4,1957/8/4
1957,156,"Pescara Circuit, Italy",09:44.6,Juan Manuel,Fangio,FAN,Pescara,1957/8/18,1957/8/18
1957,157,"Autodromo Nazionale Monza, Italy",01:42.4,Stuart,Lewis-Evans,LEW,Italy,1957/9/8,1957/9/8
1956,142,"Autódromo Juan y Oscar Gálvez, Argentina",01:42.5,Juan Manuel,Fangio,FAN,Argentina,1956/1/22,1956/1/22
1956,143,"Circuit de Monaco, Monaco",01:44.0,Juan Manuel,Fangio,FAN,Monaco,1956/5/13,1956/5/13
1956,144,"Indianapolis Motor Speedway, United States",04:07.3,Pat,Flaherty,FLA,Indianapolis,1956/5/30,1956/5/30
1956,145,"Circuit de Spa-Francorchamps, Belgium",04:09.8,Juan Manuel,Fangio,FAN,Belgium,1956/6/3,1956/6/3
1956,146,"Circuit de Reims-Gueux, France",02:23.3,Juan Manuel,Fangio,FAN,France,1956/7/1,1956/7/1
1956,147,"Silverstone Circuit, Great Britain",01:41.0,Stirling,Moss,MOS,Great Britain,1956/7/14,1956/7/14
1956,148,"Nürburgring, Germany",09:51.2,Juan Manuel,Fangio,FAN,Germany,1956/8/5,1956/8/5
1956,149,"Autodromo Nazionale Monza, Italy",02:42.6,Juan Manuel,Fangio,FAN,Italy,1956/9/2,1956/9/2
1955,135,"Autódromo Juan y Oscar Gálvez, Argentina",01:43.1,Jose Froilan,Gonzalez,GON,Argentina,1955/1/16,1955/1/16
1955,136,"Circuit de Monaco, Monaco",01:41.1,Juan Manuel,Fangio,FAN,Monaco,1955/5/22,1955/5/22
1955,137,"Indianapolis Motor Speedway, United States",04:17.1,Jerry,Hoyt,HOY,Indianapolis,1955/5/30,1955/5/30
1955,138,"Circuit de Spa-Francorchamps, Belgium",04:18.1,Eugenio,Castellotti,CAS,Belgium,1955/6/5,1955/6/5
1955,139,"Circuit Zandvoort, Netherlands",01:40.0,Juan Manuel,Fangio,FAN,Netherlands,1955/6/19,1955/6/19
1955,140,"Aintree Racecourse, Great Britain",02:00.4,Stirling,Moss,MOS,Great Britain,1955/7/16,1955/7/16
1955,141,"Autodromo Nazionale Monza, Italy",02:46.5,Juan Manuel,Fangio,FAN,Italy,1955/9/11,1955/9/11
1954,126,"Autódromo Juan y Oscar Gálvez, Argentina",01:44.8,Nino,Farina,FAR,Argentina,1954/1/17,1954/1/17
1954,127,"Indianapolis Motor Speedway, United States",04:15.3,Jack,McGrath,MCG,Indianapolis,1954/5/31,1954/5/31
1954,128,"Circuit de Spa-Francorchamps, Belgium",04:22.1,Juan Manuel,Fangio,FAN,Belgium,1954/6/20,1954/6/20
1954,129,"Circuit de Reims-Gueux, France",02:29.4,Juan Manuel,Fangio,FAN,France,1954/7/4,1954/7/4
1954,130,"Silverstone Circuit, Great Britain",01:45.0,Juan Manuel,Fangio,FAN,Great Britain,1954/7/17,1954/7/17
1954,131,"Nürburgring, Germany",09:50.1,Juan Manuel,Fangio,FAN,Germany,1954/8/1,1954/8/1
1954,132,"Bremgarten, Switzerland",02:39.5,Jose Froilan,Gonzalez,GON,Switzerland,1954/8/22,1954/8/22
1954,133,"Autodromo Nazionale Monza, Italy",01:59.0,Juan Manuel,Fangio,FAN,Italy,1954/9/5,1954/9/5
1954,134,"Circuit de Pedralbes, Spain",02:18.1,Alberto,Ascari,ASC,Spain,1954/10/24,1954/10/24
1953,117,"Autódromo Juan y Oscar Gálvez, Argentina",01:55.4,Alberto,Ascari,ASC,Argentina,1953/1/18,1953/1/18
1953,118,"Indianapolis Motor Speedway, United States",04:20.1,Bill,Vukovich,VUK,Indianapolis,1953/5/30,1953/5/30
1953,119,"Circuit Zandvoort, Netherlands",01:51.1,Alberto,Ascari,ASC,Netherlands,1953/6/7,1953/6/7
1953,120,"Circuit de Spa-Francorchamps, Belgium",04:30.0,Juan Manuel,Fangio,FAN,Belgium,1953/6/21,1953/6/21
1953,121,"Circuit de Reims-Gueux, France",02:41.2,Alberto,Ascari,ASC,France,1953/7/5,1953/7/5
1953,122,"Silverstone Circuit, Great Britain",01:48.0,Alberto,Ascari,ASC,Great Britain,1953/7/18,1953/7/18
1953,123,"Nürburgring, Germany",09:59.8,Alberto,Ascari,ASC,Germany,1953/8/2,1953/8/2
1953,124,"Bremgarten, Switzerland",02:40.1,Juan Manuel,Fangio,FAN,Switzerland,1953/8/23,1953/8/23
1953,125,"Autodromo Nazionale Monza, Italy",02:02.7,Alberto,Ascari,ASC,Italy,1953/9/13,1953/9/13
1952,109,"Bremgarten, Switzerland",02:47.5,Nino,Farina,FAR,Switzerland,1952/5/18,1952/5/18
1952,110,"Indianapolis Motor Speedway, United States",04:20.9,Fred,Agabashian,AGA,Indianapolis,1952/5/30,1952/5/30
1952,111,"Circuit de Spa-Francorchamps, Belgium",04:37.0,Alberto,Ascari,ASC,Belgium,1952/6/22,1952/6/22
1952,112,"Rouen les Essarts, France",02:14.8,Alberto,Ascari,ASC,France,1952/7/6,1952/7/6
1952,113,"Silverstone Circuit, Great Britain",01:50.0,Nino,Farina,FAR,Great Britain,1952/7/19,1952/7/19
1952,114,"Nürburgring, Germany",10:04.4,Alberto,Ascari,ASC,Germany,1952/8/3,1952/8/3
1952,115,"Circuit Zandvoort, Netherlands",01:46.5,Alberto,Ascari,ASC,Netherlands,1952/8/17,1952/8/17
1952,116,"Autodromo Nazionale Monza, Italy",02:05.7,Alberto,Ascari,ASC,Italy,1952/9/7,1952/9/7
1951,101,"Bremgarten, Switzerland",02:35.9,Juan Manuel,Fangio,FAN,Switzerland,1951/5/27,1951/5/27
1951,102,"Indianapolis Motor Speedway, United States",04:23.7,Duke,Nalon,NAL,Indianapolis,1951/5/30,1951/5/30
1951,103,"Circuit de Spa-Francorchamps, Belgium",04:25.0,Juan Manuel,Fangio,FAN,Belgium,1951/6/17,1951/6/17
1951,104,"Circuit de Reims-Gueux, France",02:25.7,Juan Manuel,Fangio,FAN,France,1951/7/1,1951/7/1
1951,105,"Silverstone Circuit, Great Britain",01:43.4,Jose Froilan,Gonzalez,GON,Great Britain,1951/7/14,1951/7/14
1951,106,"Nürburgring, Germany",09:55.8,Alberto,Ascari,ASC,Germany,1951/7/29,1951/7/29
1951,107,"Autodromo Nazionale Monza, Italy",01:53.2,Juan Manuel,Fangio,FAN,Italy,1951/9/16,1951/9/16
1951,108,"Circuit de Pedralbes, Spain",02:10.6,Alberto,Ascari,ASC,Spain,1951/10/28,1951/10/28
1950,100,"Autodromo Nazionale Monza, Italy",01:58.6,Juan Manuel,Fangio,FAN,Italy,1950/9/3,1950/9/3
1950,94,"Silverstone Circuit, Great Britain",01:50.8,Nino,Farina,FAR,Great Britain,1950/5/13,1950/5/13
1950,95,"Circuit de Monaco, Monaco",01:50.2,Juan Manuel,Fangio,FAN,Monaco,1950/5/21,1950/5/21
1950,96,"Indianapolis Motor Speedway, United States",04:28.0,Walt,Faulkner,FAU,Indianapolis,1950/5/30,1950/5/30
1950,97,"Bremgarten, Switzerland",02:42.1,Juan Manuel,Fangio,FAN,Switzerland,1950/6/4,1950/6/4
1950,98,"Circuit de Spa-Francorchamps, Belgium",04:37.0,Nino,Farina,FAR,Belgium,1950/6/18,1950/6/18
1950,99,"Circuit de Reims-Gueux, France",02:30.6,Juan Manuel,Fangio,FAN,France,1950/7/2,1950/7/2
