year,round,event_id,circuit,gp_name,country,location,dates,slug,url,status
2025,1,1254,"Albert Park Grand Prix Circuit, Melbourne",Australia Grand Prix,Australia,,2025/3/14 - 2025/3/16,,,Finished
2025,2,1255,"Shanghai International Circuit, Shanghai",China Grand Prix,China,,2025/3/21 - 2025/3/23,,,Finished
2025,3,1256,"Suzuka Circuit, Suzuka",Japan Grand Prix,Japan,,2025/4/4 - 2025/4/6,,,Finished
2025,4,1257,"Bahrain International Circuit, Sakhir",Bahrain Grand Prix,Bahrain,,2025/4/11 - 2025/4/13,,,Finished
2025,5,1258,"Jeddah Corniche Circuit, Jeddah",Saudi Arabia Grand Prix,Saudi Arabia,,2025/4/18 - 2025/4/20,,,Finished
2025,6,1259,"Miami International Autodrome, Miami Gardens",Miami Grand Prix,Miami,,2025/5/2 - 2025/5/4,,,Finished
2025,7,1260,"Autodromo Internazionale Enzo e Dino Ferrari, Imola",Emilia-Romagna Grand Prix,Emilia-Romagna,,2025/5/16 - 2025/5/18,,,Finished
2025,8,1261,"Circuit de Monaco, Monaco",Monaco Grand Prix,Monaco,,2025/5/23 - 2025/5/25,,,Finished
2025,9,1262,"Circuit de Barcelona-Catalunya, Barcelona",Spain Grand Prix,Spain,,2025/5/30 - 2025/6/1,,,Finished
2025,10,1263,"Circuit Gilles-Villeneuve, Montréal",Canada Grand Prix,Canada,,2025/6/13 - 2025/6/15,,,Finished
2025,11,1264,"Red Bull Ring, Spielberg",Austria Grand Prix,Austria,,2025/6/27 - 2025/6/29,,,Finished
2025,12,1265,"Circuit de Spa-Francorchamps, Spa-Francorchamps",Great Britain Grand Prix,Great Britain,,2025/7/25 - 2025/7/27,,,Finished
2025,13,1266,"Hungaroring, Budapest",Belgium Grand Prix,Belgium,,2025/8/1 - 2025/8/3,,,Finished
2025,14,1267,"Circuit Zandvoort, Zandvoort",Hungary Grand Prix,Hungary,,2025/8/29 - 2025/8/31,,,Finished
2025,15,1268,"Autodromo Nazionale Monza, Monza",Netherlands Grand Prix,Netherlands,,2025/9/5 - 2025/9/7,,,Finished
2025,16,1269,"Baku City Circuit, Baku",Italy Grand Prix,Italy,,2025/9/19 - 2025/9/21,,,Finished
2025,17,1270,"Marina Bay Street Circuit, Marina Bay",Azerbaijan Grand Prix,Azerbaijan,,2025/10/3 - 2025/10/5,,,Finished
2025,18,1271,"Circuit of The Americas, Austin",Singapore Grand Prix,Singapore,,2025/10/17 - 2025/10/19,,,Finished
2025,19,1272,"Autódromo Hermanos Rodríguez, Mexico City",United States Grand Prix,United States,,2025/10/24 - 2025/10/26,,,Finished
2025,20,1273,"Autódromo José Carlos Pace, São Paulo",Mexico Grand Prix,Mexico,,2025/11/7 - 2025/11/9,,,Finished
2025,21,1274,"Las Vegas Strip Circuit, Las Vegas",Brazil Grand Prix,Brazil,,2025/11/20 - 2025/11/22,,,Finished
2025,22,1275,"Lusail International Circuit, Lusail",Las Vegas Grand Prix,Las Vegas,,2025/11/28 - 2025/11/30,,,Finished
2025,23,1276,"Yas Marina Circuit, Yas Island",Qatar Grand Prix,Qatar,,2025/12/5 - 2025/12/7,,,Finished
2025,24,1277,"Silverstone Circuit, Silverstone",Abu Dhabi Grand Prix,Abu Dhabi,,2025/7/4 - 2025/7/6,,,Finished
2024,1,1229,"Bahrain International Circuit, Sakhir",Bahrain Grand Prix,Bahrain,,2024/2/29 - 2024/3/2,,,Finished
2024,2,1230,"Jeddah Corniche Circuit, Jeddah",Saudi Arabia Grand Prix,Saudi Arabia,,2024/3/7 - 2024/3/9,,,Finished
2024,3,1231,"Albert Park Grand Prix Circuit, Melbourne",Australia Grand Prix,Australia,,2024/3/22 - 2024/3/24,,,Finished
2024,4,1232,"Suzuka Circuit, Suzuka",Japan Grand Prix,Japan,,2024/4/5 - 2024/4/7,,,Finished
2024,5,1233,"Shanghai International Circuit, Shanghai",China Grand Prix,China,,2024/4/19 - 2024/4/21,,,Finished
2024,6,1234,"Miami International Autodrome, Miami",Miami Grand Prix,Miami,,2024/5/3 - 2024/5/5,,,Finished
2024,7,1235,"Autodromo Internazionale Enzo e Dino Ferrari, Imola",Emilia-Romagna Grand Prix,Emilia-Romagna,,2024/5/17 - 2024/5/19,,,Finished
2024,8,1236,"Circuit de Monaco, Monaco",Monaco Grand Prix,Monaco,,2024/5/24 - 2024/5/26,,,Finished
2024,9,1237,"Circuit Gilles-Villeneuve, Montréal",Canada Grand Prix,Canada,,2024/6/7 - 2024/6/9,,,Finished
2024,10,1238,"Circuit de Barcelona-Catalunya, Barcelona",Spain Grand Prix,Spain,,2024/6/21 - 2024/6/23,,,Finished
2024,11,1239,"Red Bull Ring, Spielberg",Austria Grand Prix,Austria,,2024/6/28 - 2024/6/30,,,Finished
2024,12,1240,"Silverstone Circuit, Silverstone",Great Britain Grand Prix,Great Britain,,2024/7/5 - 2024/7/7,,,Finished
2024,13,1241,"Hungaroring, Budapest",Hungary Grand Prix,Hungary,,2024/7/19 - 2024/7/21,,,Finished
2024,14,1242,"Circuit de Spa-Francorchamps, Spa-Francorchamps",Belgium Grand Prix,Belgium,,2024/7/26 - 2024/7/28,,,Finished
2024,15,1243,"Circuit Zandvoort, Zandvoort",Netherlands Grand Prix,Netherlands,,2024/8/23 - 2024/8/25,,,Finished
2024,16,1244,"Autodromo Nazionale Monza, Monza",Italy Grand Prix,Italy,,2024/8/30 - 2024/9/1,,,Finished
2024,17,1245,"Baku City Circuit, Baku",Azerbaijan Grand Prix,Azerbaijan,,2024/9/13 - 2024/9/15,,,Finished
2024,18,1246,"Marina Bay Street Circuit, Marina Bay",Singapore Grand Prix,Singapore,,2024/9/20 - 2024/9/22,,,Finished
2024,19,1247,"Circuit of The Americas, Austin",United States Grand Prix,United States,,2024/10/18 - 2024/10/20,,,Finished
2024,20,1248,"Autódromo Hermanos Rodríguez, Mexico City",Mexico Grand Prix,Mexico,,2024/10/25 - 2024/10/27,,,Finished
2024,21,1249,"Autódromo José Carlos Pace, São Paulo",Brazil Grand Prix,Brazil,,2024/11/1 - 2024/11/3,,,Finished
2024,22,1250,"Las Vegas Strip Circuit, Las Vegas",Las Vegas Grand Prix,Las Vegas,,2024/11/21 - 2024/11/23,,,Finished
2024,23,1251,"Lusail International Circuit, Lusail",Qatar Grand Prix,Qatar,,2024/11/29 - 2024/12/1,,,Finished
2024,24,1252,"Yas Marina Circuit, Yas Island",Abu Dhabi Grand Prix,Abu Dhabi,,2024/12/6 - 2024/12/8,,,Finished
2023,1,1141,"Bahrain International Circuit, Sakhir",Bahrain Grand Prix,Bahrain,,2023/3/3 - 2023/3/5,,,Finished
2023,2,1142,"Jeddah Corniche Circuit, Jeddah",Saudi Arabia Grand Prix,Saudi Arabia,,2023/3/17 - 2023/3/19,,,Finished
2023,3,1143,"Albert Park Grand Prix Circuit, Melbourne",Australia Grand Prix,Australia,,2023/3/31 - 2023/4/2,,,Finished
2023,4,1207,"Baku City Circuit, Baku",Azerbaijan Grand Prix,Azerbaijan,,2023/4/28 - 2023/4/30,,,Finished
2023,5,1208,"Miami International Autodrome, Miami",Miami Grand Prix,Miami,,2023/5/5 - 2023/5/7,,,Finished
2023,6,1209,"Autodromo Internazionale Enzo e Dino Ferrari, Imola",Emilia-Romagna Grand Prix,Emilia-Romagna,,2023/5/19 - 2023/5/21,,,Finished
2023,7,1210,"Circuit de Monaco, Monaco",Monaco Grand Prix,Monaco,,2023/5/26 - 2023/5/28,,,Finished
2023,8,1211,"Circuit de Barcelona-Catalunya, Barcelona",Spain Grand Prix,Spain,,2023/6/2 - 2023/6/4,,,Finished
2023,9,1212,"Circuit Gilles-Villeneuve, Montréal",Canada Grand Prix,Canada,,2023/6/16 - 2023/6/18,,,Finished
2023,10,1213,"Red Bull Ring, Spielberg",Austria Grand Prix,Austria,,2023/6/30 - 2023/7/2,,,Finished
2023,11,1214,"Silverstone Circuit, Silverstone",Great Britain Grand Prix,Great Britain,,2023/7/7 - 2023/7/9,,,Finished
2023,12,1215,"Hungaroring, Budapest",Hungary Grand Prix,Hungary,,2023/7/21 - 2023/7/23,,,Finished
2023,13,1216,"Circuit de Spa-Francorchamps, Spa-Francorchamps",Belgium Grand Prix,Belgium,,2023/7/28 - 2023/7/30,,,Finished
2023,14,1217,"Circuit Zandvoort, Zandvoort",Netherlands Grand Prix,Netherlands,,2023/8/25 - 2023/8/27,,,Finished
2023,15,1218,"Autodromo Nazionale Monza, Monza",Italy Grand Prix,Italy,,2023/9/1 - 2023/9/3,,,Finished
2023,16,1219,"Marina Bay Street Circuit, Marina Bay",Singapore Grand Prix,Singapore,,2023/9/15 - 2023/9/17,,,Finished
2023,17,1220,"Suzuka Circuit, Suzuka",Japan Grand Prix,Japan,,2023/9/22 - 2023/9/24,,,Finished
2023,18,1221,"Lusail International Circuit, Lusail",Qatar Grand Prix,Qatar,,2023/10/6 - 2023/10/8,,,Finished
2023,19,1222,"Circuit of The Americas, Austin",United States Grand Prix,United States,,2023/10/20 - 2023/10/22,,,Finished
2023,20,1223,"Autódromo Hermanos Rodríguez, Mexico City",Mexico Grand Prix,Mexico,,2023/10/27 - 2023/10/29,,,Finished
2023,21,1224,"Autódromo José Carlos Pace, São Paulo",Brazil Grand Prix,Brazil,,2023/11/3 - 2023/11/5,,,Finished
2023,22,1225,"Las Vegas Strip Circuit, Las Vegas",Las Vegas Grand Prix,Las Vegas,,2023/11/16 - 2023/11/18,,,Finished
2023,23,1226,"Yas Marina Circuit, Yas Island",Abu Dhabi Grand Prix,Abu Dhabi,,2023/11/24 - 2023/11/26,,,Finished
2022,1,1108,"Albert Park Grand Prix Circuit, Melbourne",Bahrain Grand Prix,Bahrain,,2022/4/8 - 2022/4/10,,,Finished
2022,2,1109,"Autodromo Internazionale Enzo e Dino Ferrari, Imola",Saudi Arabia Grand Prix,Saudi Arabia,,2022/4/22 - 2022/4/24,,,Finished
2022,3,1110,"Miami International Autodrome, Miami",Australia Grand Prix,Australia,,2022/5/6 - 2022/5/8,,,Finished
2022,4,1111,"Circuit de Barcelona-Catalunya, Barcelona",Emilia-Romagna Grand Prix,Emilia-Romagna,,2022/5/20 - 2022/5/22,,,Finished
2022,5,1112,"Circuit de Monaco, Monaco",Miami Grand Prix,Miami,,2022/5/27 - 2022/5/29,,,Finished
2022,6,1113,"Circuit Gilles-Villeneuve, Montréal",Spain Grand Prix,Spain,,2022/6/17 - 2022/6/19,,,Finished
2022,7,1114,"Silverstone Circuit, Silverstone",Monaco Grand Prix,Monaco,,2022/7/1 - 2022/7/3,,,Finished
2022,8,1115,"Red Bull Ring, Spielberg",Azerbaijan Grand Prix,Azerbaijan,,2022/7/8 - 2022/7/10,,,Finished
2022,9,1116,"Circuit Paul Ricard, Le Castellet",Canada Grand Prix,Canada,,2022/7/22 - 2022/7/24,,,Finished
2022,10,1117,"Hungaroring, Budapest",Great Britain Grand Prix,Great Britain,,2022/7/29 - 2022/7/31,,,Finished
2022,11,1118,"Circuit de Spa-Francorchamps, Spa-Francorchamps",Austria Grand Prix,Austria,,2022/8/26 - 2022/8/28,,,Finished
2022,12,1119,"Circuit Zandvoort, Zandvoort",France Grand Prix,France,,2022/9/2 - 2022/9/4,,,Finished
2022,13,1120,"Autodromo Nazionale Monza, Monza",Hungary Grand Prix,Hungary,,2022/9/9 - 2022/9/11,,,Finished
2022,14,1124,"Bahrain International Circuit, Sakhir",Belgium Grand Prix,Belgium,,2022/3/18 - 2022/3/20,,,Finished
2022,15,1125,"Jeddah Corniche Circuit, Jeddah",Netherlands Grand Prix,Netherlands,,2022/3/25 - 2022/3/27,,,Finished
2022,16,1126,"Baku City Circuit, Baku",Italy Grand Prix,Italy,,2022/6/10 - 2022/6/12,,,Finished
2022,17,1133,"Marina Bay Street Circuit, Marina Bay",Singapore Grand Prix,Singapore,,2022/9/30 - 2022/10/2,,,Finished
2022,18,1134,"Suzuka Circuit, Suzuka",Japan Grand Prix,Japan,,2022/10/7 - 2022/10/9,,,Finished
2022,19,1135,"Circuit of The Americas, Austin",United States Grand Prix,United States,,2022/10/21 - 2022/10/23,,,Finished
2022,20,1136,"Autódromo Hermanos Rodríguez, Mexico City",Mexico Grand Prix,Mexico,,2022/10/28 - 2022/10/30,,,Finished
2022,21,1137,"Autódromo José Carlos Pace, São Paulo",Brazil Grand Prix,Brazil,,2022/11/11 - 2022/11/13,,,Finished
2022,22,1138,"Yas Marina Circuit, Yas Island",Abu Dhabi Grand Prix,Abu Dhabi,,2022/11/18 - 2022/11/20,,,Finished
2021,1,1064,"Bahrain International Circuit, Sakhir",Bahrain Grand Prix,Bahrain,,2021/3/26 - 2021/3/28,,,Finished
2021,2,1065,"Autodromo Internazionale Enzo e Dino Ferrari, Imola",Emilia-Romagna Grand Prix,Emilia-Romagna,,2021/4/16 - 2021/4/18,,,Finished
2021,3,1066,"Autódromo Internacional do Algarve, Portimão",Portugal Grand Prix,Portugal,,2021/4/30 - 2021/5/2,,,Finished
2021,4,1067,"Circuit de Monaco, Monte Carlo",Spain Grand Prix,Spain,,2021/5/20 - 2021/5/23,,,Finished
2021,5,1068,"Baku City Circuit, Baku",Monaco Grand Prix,Monaco,,2021/6/4 - 2021/6/6,,,Finished
2021,6,1070,"Circuit Paul Ricard, Le Castellet",Azerbaijan Grand Prix,Azerbaijan,,2021/6/18 - 2021/6/20,,,Finished
2021,7,1071,"Red Bull Ring, Spielberg",France Grand Prix,France,,2021/7/2 - 2021/7/4,,,Finished
2021,8,1072,"Silverstone Circuit, Silverstone",Styria Grand Prix,Styria,,2021/7/16 - 2021/7/18,,,Finished
2021,9,1073,"Hungaroring, Budapest",Austria Grand Prix,Austria,,2021/7/30 - 2021/8/1,,,Finished
2021,10,1074,"Circuit de Spa-Francorchamps, Spa-Francorchamps",Great Britain Grand Prix,Great Britain,,2021/8/27 - 2021/8/29,,,Finished
2021,11,1075,"Circuit Zandvoort, Zandvoort",Hungary Grand Prix,Hungary,,2021/9/3 - 2021/9/5,,,Finished
2021,12,1076,"Autodromo Nazionale Monza, Monza",Belgium Grand Prix,Belgium,,2021/9/10 - 2021/9/12,,,Finished
2021,13,1077,"Sochi Autodrom, Sochi",Netherlands Grand Prix,Netherlands,,2021/9/24 - 2021/9/26,,,Finished
2021,14,1078,"Intercity Istanbul Park, Istanbul",Italy Grand Prix,Italy,,2021/10/8 - 2021/10/10,,,Finished
2021,15,1086,"Circuit de Barcelona-Catalunya, Barcelona",Russia Grand Prix,Russia,,2021/5/7 - 2021/5/9,,,Finished
2021,16,1092,"Red Bull Ring, Spielberg",Turkey Grand Prix,Turkey,,2021/6/25 - 2021/6/27,,,Finished
2021,17,1102,"Circuit of The Americas, Austin",United States Grand Prix,United States,,2021/10/22 - 2021/10/24,,,Finished
2021,18,1103,"Autódromo Hermanos Rodríguez, Mexico City",Mexico Grand Prix,Mexico,,2021/11/5 - 2021/11/7,,,Finished
2021,19,1104,"Autódromo José Carlos Pace, São Paulo",Brazil Grand Prix,Brazil,,2021/11/12 - 2021/11/14,,,Finished
2021,20,1105,"Lusail International Circuit, Lusail",Qatar Grand Prix,Qatar,,2021/11/19 - 2021/11/21,,,Finished
2021,21,1106,"Jeddah Corniche Circuit, Jeddah",Saudi Arabia Grand Prix,Saudi Arabia,,2021/12/3 - 2021/12/5,,,Finished
2021,22,1107,"Yas Marina Circuit, Yas Island",Abu Dhabi Grand Prix,Abu Dhabi,,2021/12/10 - 2021/12/12,,,Finished
2020,1,1045,"Red Bull Ring, Spielberg",Austria Grand Prix,Austria,,2020/7/3 - 2020/7/5,,,Finished
2020,2,1046,"Red Bull Ring, Spielberg",Styria Grand Prix,Styria,,2020/7/10 - 2020/7/12,,,Finished
2020,3,1047,"Hungaroring, Budapest",Hungary Grand Prix,Hungary,,2020/7/17 - 2020/7/19,,,Finished
2020,4,1048,"Silverstone Circuit, Silverstone",Great Britain Grand Prix,Great Britain,,2020/7/31 - 2020/8/2,,,Finished
2020,5,1049,"Silverstone Circuit, Silverstone",70th Anniversary Grand Prix,70th Anniversary,,2020/8/7 - 2020/8/9,,,Finished
2020,6,1050,"Circuit de Barcelona-Catalunya, Barcelona",Spain Grand Prix,Spain,,2020/8/14 - 2020/8/16,,,Finished
2020,7,1051,"Circuit de Spa-Francorchamps, Spa-Francorchamps",Belgium Grand Prix,Belgium,,2020/8/28 - 2020/8/30,,,Finished
2020,8,1052,"Autodromo Nazionale Monza, Monza",Italy Grand Prix,Italy,,2020/9/4 - 2020/9/6,,,Finished
2020,9,1053,"Mugello, Mugello",Tuscany Grand Prix,Tuscany,,2020/9/11 - 2020/9/13,,,Finished
2020,10,1054,"Sochi Autodrom, Sochi",Russia Grand Prix,Russia,,2020/9/25 - 2020/9/27,,,Finished
2020,11,1055,"Nürburgring, Nürburgring",Eifel Grand Prix,Eifel,,2020/10/9 - 2020/10/11,,,Finished
2020,12,1056,"Autódromo Internacional do Algarve, Portimão",Portugal Grand Prix,Portugal,,2020/10/23 - 2020/10/25,,,Finished
2020,13,1057,"Autodromo Internazionale Enzo e Dino Ferrari, Imola",Emilia-Romagna Grand Prix,Emilia-Romagna,,2020/10/30 - 2020/11/1,,,Finished
2020,14,1058,"Intercity Istanbul Park, Istanbul",Turkey Grand Prix,Turkey,,2020/11/12 - 2020/11/15,,,Finished
2020,15,1059,"Bahrain International Circuit, Sakhir",Bahrain Grand Prix,Bahrain,,2020/11/26 - 2020/11/29,,,Finished
2020,16,1060,"Bahrain International Circuit – Outer Track, Sakhir",Sakhir Grand Prix,Sakhir,,2020/12/3 - 2020/12/6,,,Finished
2020,17,1061,"Yas Marina Circuit, Yas Island",Abu Dhabi Grand Prix,Abu Dhabi,,2020/12/10 - 2020/12/13,,,Finished
2019,1,1000,"Albert Park Grand Prix Circuit, Melbourne",Australia Grand Prix,Australia,,2019/3/14 - 2019/3/17,,,Finished
2019,2,1001,"Bahrain International Circuit, Sakhir",Bahrain Grand Prix,Bahrain,,2019/3/29 - 2019/3/31,,,Finished
2019,3,1002,"Shanghai International Circuit, Shanghai",China Grand Prix,China,,2019/4/12 - 2019/4/14,,,Finished
2019,4,1003,"Baku City Circuit, Baku",Azerbaijan Grand Prix,Azerbaijan,,2019/4/26 - 2019/4/28,,,Finished
2019,5,1004,"Circuit de Barcelona-Catalunya, Barcelona",Spain Grand Prix,Spain,,2019/5/10 - 2019/5/12,,,Finished
2019,6,1005,"Circuit de Monaco, Monte Carlo",Monaco Grand Prix,Monaco,,2019/5/23 - 2019/5/26,,,Finished
2019,7,1006,"Circuit Gilles-Villeneuve, Montréal",Canada Grand Prix,Canada,,2019/6/7 - 2019/6/9,,,Finished
2019,8,1007,"Circuit Paul Ricard, Le Castellet",France Grand Prix,France,,2019/6/21 - 2019/6/23,,,Finished
2019,9,1008,"Red Bull Ring, Spielberg",Austria Grand Prix,Austria,,2019/6/28 - 2019/6/30,,,Finished
2019,10,1009,"Silverstone Circuit, Silverstone",Great Britain Grand Prix,Great Britain,,2019/7/12 - 2019/7/14,,,Finished
2019,11,1010,"Hockenheimring, Hockenheim",Germany Grand Prix,Germany,,2019/7/26 - 2019/7/28,,,Finished
2019,12,1011,"Hungaroring, Budapest",Hungary Grand Prix,Hungary,,2019/8/2 - 2019/8/4,,,Finished
2019,13,1012,"Circuit de Spa-Francorchamps, Spa-Francorchamps",Belgium Grand Prix,Belgium,,2019/8/30 - 2019/9/1,,,Finished
2019,14,1013,"Autodromo Nazionale Monza, Monza",Italy Grand Prix,Italy,,2019/9/6 - 2019/9/8,,,Finished
2019,15,1014,"Marina Bay Street Circuit, Singapore",Singapore Grand Prix,Singapore,,2019/9/20 - 2019/9/22,,,Finished
2019,16,1015,"Sochi Autodrom, Sochi",Russia Grand Prix,Russia,,2019/9/27 - 2019/9/29,,,Finished
2019,17,1016,"Suzuka Circuit, Suzuka",Japan Grand Prix,Japan,,2019/10/11 - 2019/10/13,,,Finished
2019,18,1017,"Autódromo Hermanos Rodríguez, Mexico City",Mexico Grand Prix,Mexico,,2019/10/25 - 2019/10/27,,,Finished
2019,19,1018,"Circuit of The Americas, Austin",United States Grand Prix,United States,,2019/11/1 - 2019/11/3,,,Finished
2019,20,1019,"Autódromo José Carlos Pace, São Paulo",Brazil Grand Prix,Brazil,,2019/11/15 - 2019/11/17,,,Finished
2019,21,1020,"Yas Marina Circuit, Yas Island",Abu Dhabi Grand Prix,Abu Dhabi,,2019/11/29 - 2019/12/1,,,Finished
2018,1,979,"Albert Park Grand Prix Circuit, Melbourne",Australia Grand Prix,Australia,,2018/3/22 - 2018/3/25,,,Finished
2018,2,980,"Bahrain International Circuit, Sakhir",Bahrain Grand Prix,Bahrain,,2018/4/6 - 2018/4/8,,,Finished
2018,3,981,"Shanghai International Circuit, Shanghai",China Grand Prix,China,,2018/4/13 - 2018/4/15,,,Finished
2018,4,982,"Baku City Circuit, Baku",Azerbaijan Grand Prix,Azerbaijan,,2018/4/27 - 2018/4/29,,,Finished
2018,5,983,"Circuit de Barcelona-Catalunya, Barcelona",Spain Grand Prix,Spain,,2018/5/11 - 2018/5/13,,,Finished
2018,6,984,"Circuit de Monaco, Monte Carlo",Monaco Grand Prix,Monaco,,2018/5/24 - 2018/5/27,,,Finished
2018,7,985,"Circuit Gilles-Villeneuve, Montréal",Canada Grand Prix,Canada,,2018/6/8 - 2018/6/10,,,Finished
2018,8,986,"Circuit Paul Ricard, Le Castellet",France Grand Prix,France,,2018/6/22 - 2018/6/24,,,Finished
2018,9,987,"Red Bull Ring, Spielberg",Austria Grand Prix,Austria,,2018/6/29 - 2018/7/1,,,Finished
2018,10,988,"Silverstone Circuit, Silverstone",Great Britain Grand Prix,Great Britain,,2018/7/5 - 2018/7/8,,,Finished
2018,11,989,"Hockenheimring, Hockenheim",Germany Grand Prix,Germany,,2018/7/20 - 2018/7/22,,,Finished
2018,12,990,"Hungaroring, Budapest",Hungary Grand Prix,Hungary,,2018/7/27 - 2018/7/29,,,Finished
2018,13,991,"Circuit de Spa-Francorchamps, Spa-Francorchamps",Belgium Grand Prix,Belgium,,2018/8/24 - 2018/8/26,,,Finished
2018,14,992,"Autodromo Nazionale Monza, Monza",Italy Grand Prix,Italy,,2018/8/31 - 2018/9/2,,,Finished
2018,15,993,"Marina Bay Street Circuit, Singapore",Singapore Grand Prix,Singapore,,2018/9/14 - 2018/9/16,,,Finished
2018,16,994,"Sochi Autodrom, Sochi",Russia Grand Prix,Russia,,2018/9/28 - 2018/9/30,,,Finished
2018,17,995,"Suzuka Circuit, Suzuka",Japan Grand Prix,Japan,,2018/10/5 - 2018/10/7,,,Finished
2018,18,996,"Circuit of The Americas, Austin",United States Grand Prix,United States,,2018/10/19 - 2018/10/21,,,Finished
2018,19,997,"Autódromo Hermanos Rodríguez, Mexico City",Mexico Grand Prix,Mexico,,2018/10/26 - 2018/10/28,,,Finished
2018,20,998,"Autódromo José Carlos Pace, São Paulo",Brazil Grand Prix,Brazil,,2018/11/9 - 2018/11/11,,,Finished
2018,21,999,"Yas Marina Circuit, Yas Marina",Abu Dhabi Grand Prix,Abu Dhabi,,2018/11/23 - 2018/11/25,,,Finished
2017,1,959,"Albert Park Grand Prix Circuit, Melbourne",Australia Grand Prix,Australia,,2017/3/24 - 2017/3/26,,,Finished
2017,2,960,"Shanghai International Circuit, Shanghai",China Grand Prix,China,,2017/4/7 - 2017/4/9,,,Finished
2017,3,961,"Bahrain International Circuit, Sakhir",Bahrain Grand Prix,Bahrain,,2017/4/14 - 2017/4/16,,,Finished
2017,4,962,"Sochi Autodrom, Sochi",Russia Grand Prix,Russia,,2017/4/28 - 2017/4/30,,,Finished
2017,5,963,"Circuit de Barcelona-Catalunya, Catalunya",Spain Grand Prix,Spain,,2017/5/12 - 2017/5/14,,,Finished
2017,6,964,"Circuit de Monaco, Monte Carlo",Monaco Grand Prix,Monaco,,2017/5/25 - 2017/5/28,,,Finished
2017,7,965,"Circuit Gilles-Villeneuve, Montréal",Canada Grand Prix,Canada,,2017/6/9 - 2017/6/11,,,Finished
2017,8,966,"Baku City Circuit, Baku",Azerbaijan Grand Prix,Azerbaijan,,2017/6/23 - 2017/6/25,,,Finished
2017,9,967,"Red Bull Ring, Spielberg",Austria Grand Prix,Austria,,2017/7/7 - 2017/7/9,,,Finished
2017,10,968,"Silverstone Circuit, Silverstone",Great Britain Grand Prix,Great Britain,,2017/7/14 - 2017/7/16,,,Finished
2017,11,969,"Hungaroring, Budapest",Hungary Grand Prix,Hungary,,2017/7/28 - 2017/7/30,,,Finished
2017,12,970,"Circuit de Spa-Francorchamps, Spa-Francorchamps",Belgium Grand Prix,Belgium,,2017/8/25 - 2017/8/27,,,Finished
2017,13,971,"Autodromo Nazionale Monza, Monza",Italy Grand Prix,Italy,,2017/9/1 - 2017/9/3,,,Finished
2017,14,972,"Marina Bay Street Circuit, Singapore",Singapore Grand Prix,Singapore,,2017/9/15 - 2017/9/17,,,Finished
2017,15,973,"Sepang International Circuit, Kuala Lumpur",Malaysia Grand Prix,Malaysia,,2017/9/29 - 2017/10/1,,,Finished
2017,16,974,"Suzuka Circuit, Suzuka",Japan Grand Prix,Japan,,2017/10/6 - 2017/10/8,,,Finished
2017,17,975,"Circuit of The Americas, Austin",United States Grand Prix,United States,,2017/10/20 - 2017/10/22,,,Finished
2017,18,976,"Autódromo Hermanos Rodríguez, Mexico City",Mexico Grand Prix,Mexico,,2017/10/27 - 2017/10/29,,,Finished
2017,19,977,"Autódromo José Carlos Pace, São Paulo",Brazil Grand Prix,Brazil,,2017/11/10 - 2017/11/12,,,Finished
2017,20,978,"Yas Marina Circuit, Yas Marina",Abu Dhabi Grand Prix,Abu Dhabi,,2017/11/24 - 2017/11/26,,,Finished
2016,1,938,"Albert Park Grand Prix Circuit, Melbourne",Australia Grand Prix,Australia,,2016/3/18 - 2016/3/20,,,Finished
2016,2,939,"Bahrain International Circuit, Sakhir",Bahrain Grand Prix,Bahrain,,2016/4/1 - 2016/4/3,,,Finished
2016,3,940,"Shanghai International Circuit, Shanghai",China Grand Prix,China,,2016/4/15 - 2016/4/17,,,Finished
2016,4,941,"Sochi Autodrom, Sochi",Russia Grand Prix,Russia,,2016/4/29 - 2016/5/1,,,Finished
2016,5,942,"Circuit de Barcelona-Catalunya, Catalunya",Spain Grand Prix,Spain,,2016/5/13 - 2016/5/15,,,Finished
2016,6,943,"Circuit de Monaco, Monte Carlo",Monaco Grand Prix,Monaco,,2016/5/26 - 2016/5/29,,,Finished
2016,7,944,"Circuit Gilles-Villeneuve, Montréal",Canada Grand Prix,Canada,,2016/6/10 - 2016/6/12,,,Finished
2016,8,945,"Red Bull Ring, Spielberg",Europe Grand Prix,Europe,,2016/7/1 - 2016/7/3,,,Finished
2016,9,946,"Silverstone Circuit, Silverstone",Austria Grand Prix,Austria,,2016/7/8 - 2016/7/10,,,Finished
2016,10,947,"Hungaroring, Budapest",Great Britain Grand Prix,Great Britain,,2016/7/22 - 2016/7/24,,,Finished
2016,11,948,"Hockenheimring, Hockenheim",Hungary Grand Prix,Hungary,,2016/7/29 - 2016/7/31,,,Finished
2016,12,949,"Circuit de Spa-Francorchamps, Spa-Francorchamps",Germany Grand Prix,Germany,,2016/8/26 - 2016/8/28,,,Finished
2016,13,950,"Autodromo Nazionale Monza, Monza",Belgium Grand Prix,Belgium,,2016/9/2 - 2016/9/4,,,Finished
2016,14,951,"Marina Bay Street Circuit, Singapore",Italy Grand Prix,Italy,,2016/9/16 - 2016/9/18,,,Finished
2016,15,952,"Sepang International Circuit, Kuala Lumpur",Singapore Grand Prix,Singapore,,2016/9/30 - 2016/10/2,,,Finished
2016,16,953,"Suzuka Circuit, Suzuka",Malaysia Grand Prix,Malaysia,,2016/10/7 - 2016/10/9,,,Finished
2016,17,954,"Circuit of The Americas, Austin",Japan Grand Prix,Japan,,2016/10/21 - 2016/10/23,,,Finished
2016,18,955,"Autódromo Hermanos Rodríguez, Mexico City",United States Grand Prix,United States,,2016/10/28 - 2016/10/30,,,Finished
2016,19,956,"Autódromo José Carlos Pace, São Paulo",Mexico Grand Prix,Mexico,,2016/11/11 - 2016/11/13,,,Finished
2016,20,957,"Yas Marina Circuit, Yas Marina",Brazil Grand Prix,Brazil,,2016/11/25 - 2016/11/27,,,Finished
2016,21,958,"Baku City Circuit, Baku",Abu Dhabi Grand Prix,Abu Dhabi,,2016/6/17 - 2016/6/19,,,Finished
2015,1,917,"Albert Park Grand Prix Circuit, Melbourne",Australia Grand Prix,Australia,,2015/3/13 - 2015/3/15,,,Finished
2015,2,918,"Sepang International Circuit, Kuala Lumpur",Malaysia Grand Prix,Malaysia,,2015/3/27 - 2015/3/29,,,Finished
2015,3,919,"Shanghai International Circuit, Shanghai",China Grand Prix,China,,2015/4/10 - 2015/4/12,,,Finished
2015,4,920,"Bahrain International Circuit, Sakhir",Bahrain Grand Prix,Bahrain,,2015/4/17 - 2015/4/19,,,Finished
2015,5,921,"Circuit de Barcelona-Catalunya, Catalunya",Spain Grand Prix,Spain,,2015/5/8 - 2015/5/10,,,Finished
2015,6,922,"Circuit de Monaco, Monte Carlo",Monaco Grand Prix,Monaco,,2015/5/21 - 2015/5/24,,,Finished
2015,7,923,"Circuit Gilles-Villeneuve, Montréal",Canada Grand Prix,Canada,,2015/6/5 - 2015/6/7,,,Finished
2015,8,924,"Red Bull Ring, Spielberg",Austria Grand Prix,Austria,,2015/6/19 - 2015/6/21,,,Finished
2015,9,925,"Silverstone Circuit, Silverstone",Great Britain Grand Prix,Great Britain,,2015/7/3 - 2015/7/5,,,Finished
2015,10,927,"Hungaroring, Budapest",Hungary Grand Prix,Hungary,,2015/7/24 - 2015/7/26,,,Finished
2015,11,928,"Circuit de Spa-Francorchamps, Spa-Francorchamps",Belgium Grand Prix,Belgium,,2015/8/21 - 2015/8/23,,,Finished
2015,12,929,"Autodromo Nazionale Monza, Monza",Italy Grand Prix,Italy,,2015/9/4 - 2015/9/6,,,Finished
2015,13,930,"Marina Bay Street Circuit, Singapore",Singapore Grand Prix,Singapore,,2015/9/18 - 2015/9/20,,,Finished
2015,14,931,"Suzuka Circuit, Suzuka",Japan Grand Prix,Japan,,2015/9/25 - 2015/9/27,,,Finished
2015,15,932,"Sochi Autodrom, Sochi",Russia Grand Prix,Russia,,2015/10/9 - 2015/10/11,,,Finished
2015,16,933,"Circuit of The Americas, Austin",United States Grand Prix,United States,,2015/10/23 - 2015/10/25,,,Finished
2015,17,934,"Autódromo Hermanos Rodríguez, Mexico City",Mexico Grand Prix,Mexico,,2015/10/30 - 2015/11/1,,,Finished
2015,18,935,"Autódromo José Carlos Pace, São Paulo",Brazil Grand Prix,Brazil,,2015/11/13 - 2015/11/15,,,Finished
2015,19,936,"Yas Marina Circuit, Yas Marina",Abu Dhabi Grand Prix,Abu Dhabi,,2015/11/27 - 2015/11/29,,,Finished
2014,1,898,"Albert Park Grand Prix Circuit, Australia",Australia Grand Prix,Australia,,2014/3/14 - 2014/3/16,,,Finished
2014,2,899,"Sepang International Circuit, Malaysia",Malaysia Grand Prix,Malaysia,,2014/3/28 - 2014/3/30,,,Finished
2014,3,900,"Bahrain International Circuit, Bahrain",Bahrain Grand Prix,Bahrain,,2014/4/4 - 2014/4/6,,,Finished
2014,4,901,"Shanghai International Circuit, China",China Grand Prix,China,,2014/4/18 - 2014/4/20,,,Finished
2014,5,902,"Circuit de Barcelona-Catalunya, Spain",Spain Grand Prix,Spain,,2014/5/9 - 2014/5/11,,,Finished
2014,6,903,"Circuit de Monaco, Monaco",Monaco Grand Prix,Monaco,,2014/5/22 - 2014/5/25,,,Finished
2014,7,904,"Circuit Gilles-Villeneuve, Canada",Canada Grand Prix,Canada,,2014/6/6 - 2014/6/8,,,Finished
2014,8,905,"Red Bull Ring, Austria",Austria Grand Prix,Austria,,2014/6/20 - 2014/6/22,,,Finished
2014,9,906,"Silverstone Circuit, Great Britain",Great Britain Grand Prix,Great Britain,,2014/7/4 - 2014/7/6,,,Finished
2014,10,907,"Hockenheimring, Germany",Germany Grand Prix,Germany,,2014/7/18 - 2014/7/20,,,Finished
2014,11,908,"Hungaroring, Hungary",Hungary Grand Prix,Hungary,,2014/7/25 - 2014/7/27,,,Finished
2014,12,909,"Circuit de Spa-Francorchamps, Belgium",Belgium Grand Prix,Belgium,,2014/8/22 - 2014/8/24,,,Finished
2014,13,910,"Autodromo Nazionale Monza, Italy",Italy Grand Prix,Italy,,2014/9/5 - 2014/9/7,,,Finished
2014,14,911,"Marina Bay Street Circuit, Singapore",Singapore Grand Prix,Singapore,,2014/9/19 - 2014/9/21,,,Finished
2014,15,912,"Suzuka Circuit, Japan",Japan Grand Prix,Japan,,2014/10/3 - 2014/10/5,,,Finished
2014,16,913,"Sochi Autodrom, Russia",Russia Grand Prix,Russia,,2014/10/10 - 2014/10/21,,,Finished
2014,17,914,"Circuit of The Americas, United States",United States Grand Prix,United States,,2014/10/31 - 2014/11/2,,,Finished
2014,18,915,"Autódromo José Carlos Pace, Brazil",Brazil Grand Prix,Brazil,,2014/11/7 - 2014/11/9,,,Finished
2014,19,916,"Yas Marina Circuit, Abu Dhabi",Abu Dhabi Grand Prix,Abu Dhabi,,2014/11/21 - 2014/11/23,,,Finished
2013,1,879,"Albert Park Grand Prix Circuit, Australia",Australia Grand Prix,Australia,,2013/3/15 - 2013/3/17,,,Finished
2013,2,880,"Sepang International Circuit, Malaysia",Malaysia Grand Prix,Malaysia,,2013/3/22 - 2013/3/24,,,Finished
2013,3,881,"Shanghai International Circuit, China",China Grand Prix,China,,2013/4/12 - 2013/4/14,,,Finished
2013,4,882,"Bahrain International Circuit, Bahrain",Bahrain Grand Prix,Bahrain,,2013/4/19 - 2013/4/21,,,Finished
2013,5,883,"Circuit de Barcelona-Catalunya, Spain",Spain Grand Prix,Spain,,2013/5/10 - 2013/5/12,,,Finished
2013,6,884,"Circuit de Monaco, Monaco",Monaco Grand Prix,Monaco,,2013/5/23 - 2013/5/26,,,Finished
2013,7,885,"Circuit Gilles-Villeneuve, Canada",Canada Grand Prix,Canada,,2013/6/7 - 2013/6/9,,,Finished
2013,8,886,"Silverstone Circuit, Great Britain",Great Britain Grand Prix,Great Britain,,2013/6/28 - 2013/6/30,,,Finished
2013,9,887,"Nürburgring, Germany",Germany Grand Prix,Germany,,2013/7/5 - 2013/7/7,,,Finished
2013,10,888,"Hungaroring, Hungary",Hungary Grand Prix,Hungary,,2013/7/26 - 2013/7/28,,,Finished
2013,11,889,"Circuit de Spa-Francorchamps, Belgium",Belgium Grand Prix,Belgium,,2013/8/23 - 2013/8/25,,,Finished
2013,12,890,"Autodromo Nazionale Monza, Italy",Italy Grand Prix,Italy,,2013/9/6 - 2013/9/8,,,Finished
2013,13,891,"Marina Bay Street Circuit, Singapore",Singapore Grand Prix,Singapore,,2013/9/20 - 2013/9/22,,,Finished
2013,14,892,"Korean International Circuit, South Korea",South Korea Grand Prix,South Korea,,2013/10/4 - 2013/10/6,,,Finished
2013,15,893,"Suzuka Circuit, Japan",Japan Grand Prix,Japan,,2013/10/11 - 2013/10/13,,,Finished
2013,16,894,"Buddh International Circuit, India",India Grand Prix,India,,2013/10/25 - 2013/10/27,,,Finished
2013,17,895,"Yas Marina Circuit, Abu Dhabi",Abu Dhabi Grand Prix,Abu Dhabi,,2013/11/1 - 2013/11/3,,,Finished
2013,18,896,"Circuit of The Americas, United States",United States Grand Prix,United States,,2013/11/15 - 2013/11/17,,,Finished
2013,19,897,"Autódromo José Carlos Pace, Brazil",Brazil Grand Prix,Brazil,,2013/11/22 - 2013/11/24,,,Finished
2012,1,1,"Hungaroring, Hungary",Australia Grand Prix,Australia,,2012/7/27 - 2012/7/29,,,Finished
2012,3,10,"Albert Park Grand Prix Circuit, Australia",China Grand Prix,China,,2012/3/16 - 2012/3/18,,,Finished
2012,4,11,"Sepang International Circuit, Malaysia",Bahrain Grand Prix,Bahrain,,2012/3/23 - 2012/3/25,,,Finished
2012,5,12,"Shanghai International Circuit, China",Spain Grand Prix,Spain,,2012/4/13 - 2012/4/15,,,Finished
2012,6,13,"Bahrain International Circuit, Bahrain",Monaco Grand Prix,Monaco,,2012/4/20 - 2012/4/22,,,Finished
2012,7,14,"Circuit de Barcelona-Catalunya, Spain",Canada Grand Prix,Canada,,2012/5/11 - 2012/5/13,,,Finished
2012,8,15,"Circuit de Monaco, Monaco",Europe Grand Prix,Europe,,2012/5/24 - 2012/5/27,,,Finished
2012,9,16,"Circuit Gilles-Villeneuve, Canada",Great Britain Grand Prix,Great Britain,,2012/6/8 - 2012/6/10,,,Finished
2012,10,17,"Valencia Street Circuit, Spain",Germany Grand Prix,Germany,,2012/6/22 - 2012/6/24,,,Finished
2012,11,18,"Hockenheimring, Germany",Hungary Grand Prix,Hungary,,2012/7/20 - 2012/7/22,,,Finished
2012,12,19,"Circuit de Spa-Francorchamps, Belgium",Belgium Grand Prix,Belgium,,2012/8/31 - 2012/9/2,,,Finished
2012,13,20,"Autodromo Nazionale Monza, Italy",Italy Grand Prix,Italy,,2012/9/7 - 2012/9/9,,,Finished
2012,14,21,"Marina Bay Street Circuit, Singapore",Singapore Grand Prix,Singapore,,2012/9/21 - 2012/9/23,,,Finished
2012,15,22,"Suzuka Circuit, Japan",Japan Grand Prix,Japan,,2012/10/5 - 2012/10/7,,,Finished
2012,16,23,"Korean International Circuit, South Korea",South Korea Grand Prix,South Korea,,2012/10/12 - 2012/10/14,,,Finished
2012,17,24,"Buddh International Circuit, India",India Grand Prix,India,,2012/10/26 - 2012/10/28,,,Finished
2012,18,25,"Yas Marina Circuit, Abu Dhabi",Abu Dhabi Grand Prix,Abu Dhabi,,2012/11/2 - 2012/11/4,,,Finished
2012,19,26,"Circuit of The Americas, United States",United States Grand Prix,United States,,2012/11/16 - 2012/11/18,,,Finished
2012,20,27,"Autódromo José Carlos Pace, Brazil",Brazil Grand Prix,Brazil,,2012/11/23 - 2012/11/25,,,Finished
2012,2,4,"Silverstone Circuit, Great Britain",Malaysia Grand Prix,Malaysia,,2012/7/6 - 2012/7/8,,,Finished
2011,1,28,"Albert Park Grand Prix Circuit, Australia",Australia Grand Prix,Australia,,2011/3/25 - 2011/3/27,,,Finished
2011,2,29,"Sepang International Circuit, Malaysia",Malaysia Grand Prix,Malaysia,,2011/4/8 - 2011/4/10,,,Finished
2011,3,30,"Shanghai International Circuit, China",China Grand Prix,China,,2011/4/15 - 2011/4/17,,,Finished
2011,4,31,"Intercity Istanbul Park, Turkey",Turkey Grand Prix,Turkey,,2011/5/6 - 2011/5/8,,,Finished
2011,5,32,"Circuit de Barcelona-Catalunya, Spain",Spain Grand Prix,Spain,,2011/5/20 - 2011/5/22,,,Finished
2011,6,33,"Circuit de Monaco, Monaco",Monaco Grand Prix,Monaco,,2011/5/26 - 2011/5/29,,,Finished
2011,7,34,"Circuit Gilles-Villeneuve, Canada",Canada Grand Prix,Canada,,2011/6/10 - 2011/6/12,,,Finished
2011,8,35,"Valencia Street Circuit, Spain",Europe Grand Prix,Europe,,2011/6/24 - 2011/6/26,,,Finished
2011,9,36,"Silverstone Circuit, Great Britain",Great Britain Grand Prix,Great Britain,,2011/7/8 - 2011/7/10,,,Finished
2011,10,37,"Nürburgring, Germany",Germany Grand Prix,Germany,,2011/7/22 - 2011/7/24,,,Finished
2011,11,38,"Hungaroring, Hungary",Hungary Grand Prix,Hungary,,2011/7/29 - 2011/7/31,,,Finished
2011,12,39,"Circuit de Spa-Francorchamps, Belgium",Belgium Grand Prix,Belgium,,2011/8/26 - 2011/8/28,,,Finished
2011,13,40,"Autodromo Nazionale Monza, Italy",Italy Grand Prix,Italy,,2011/9/9 - 2011/9/11,,,Finished
2011,14,41,"Marina Bay Street Circuit, Singapore",Singapore Grand Prix,Singapore,,2011/9/23 - 2011/9/25,,,Finished
2011,15,42,"Suzuka Circuit, Japan",Japan Grand Prix,Japan,,2011/10/7 - 2011/10/9,,,Finished
2011,16,43,"Korean International Circuit, South Korea",South Korea Grand Prix,South Korea,,2011/10/14 - 2011/10/16,,,Finished
2011,17,44,"Buddh International Circuit, India",India Grand Prix,India,,2011/10/28 - 2011/10/30,,,Finished
2011,18,45,"Yas Marina Circuit, Abu Dhabi",Abu Dhabi Grand Prix,Abu Dhabi,,2011/11/11 - 2011/11/13,,,Finished
2011,19,46,"Autódromo José Carlos Pace, Brazil",Brazil Grand Prix,Brazil,,2011/11/25 - 2011/11/27,,,Finished
2010,1,860,"Bahrain International Circuit, Bahrain",Bahrain Grand Prix,Bahrain,,2010/3/14 - 2010/3/14,,,Finished
2010,2,861,"Albert Park Grand Prix Circuit, Australia",Australia Grand Prix,Australia,,2010/3/28 - 2010/3/28,,,Finished
2010,3,862,"Sepang International Circuit, Malaysia",Malaysia Grand Prix,Malaysia,,2010/4/4 - 2010/4/4,,,Finished
2010,4,863,"Shanghai International Circuit, China",China Grand Prix,China,,2010/4/18 - 2010/4/18,,,Finished
2010,5,864,"Circuit de Barcelona-Catalunya, Spain",Spain Grand Prix,Spain,,2010/5/9 - 2010/5/9,,,Finished
2010,6,865,"Circuit de Monaco, Monaco",Monaco Grand Prix,Monaco,,2010/5/16 - 2010/5/16,,,Finished
2010,7,866,"Intercity Istanbul Park, Turkey",Turkey Grand Prix,Turkey,,2010/5/30 - 2010/5/30,,,Finished
2010,8,867,"Circuit Gilles-Villeneuve, Canada",Canada Grand Prix,Canada,,2010/6/13 - 2010/6/13,,,Finished
2010,9,868,"Valencia Street Circuit, Spain",Europe Grand Prix,Europe,,2010/6/27 - 2010/6/27,,,Finished
2010,10,869,"Silverstone Circuit, Great Britain",Great Britain Grand Prix,Great Britain,,2010/7/11 - 2010/7/11,,,Finished
2010,11,870,"Hockenheimring, Germany",Germany Grand Prix,Germany,,2010/7/25 - 2010/7/25,,,Finished
2010,12,871,"Hungaroring, Hungary",Hungary Grand Prix,Hungary,,2010/8/1 - 2010/8/1,,,Finished
2010,13,872,"Circuit de Spa-Francorchamps, Belgium",Belgium Grand Prix,Belgium,,2010/8/29 - 2010/8/29,,,Finished
2010,14,873,"Autodromo Nazionale Monza, Italy",Italy Grand Prix,Italy,,2010/9/12 - 2010/9/12,,,Finished
2010,15,874,"Marina Bay Street Circuit, Singapore",Singapore Grand Prix,Singapore,,2010/9/26 - 2010/9/26,,,Finished
2010,16,875,"Suzuka Circuit, Japan",Japan Grand Prix,Japan,,2010/10/10 - 2010/10/10,,,Finished
2010,17,876,"Korean International Circuit, South Korea",South Korea Grand Prix,South Korea,,2010/10/24 - 2010/10/24,,,Finished
2010,18,877,"Autódromo José Carlos Pace, Brazil",Brazil Grand Prix,Brazil,,2010/11/7 - 2010/11/7,,,Finished
2010,19,878,"Yas Marina Circuit, Abu Dhabi",Abu Dhabi Grand Prix,Abu Dhabi,,2010/11/14 - 2010/11/14,,,Finished
2009,1,843,"Albert Park Grand Prix Circuit, Australia",Australia Grand Prix,Australia,,2009/3/29 - 2009/3/29,,,Finished
2009,2,844,"Sepang International Circuit, Malaysia",Malaysia Grand Prix,Malaysia,,2009/4/5 - 2009/4/5,,,Finished
2009,3,845,"Shanghai International Circuit, China",China Grand Prix,China,,2009/4/19 - 2009/4/19,,,Finished
2009,4,846,"Bahrain International Circuit, Bahrain",Bahrain Grand Prix,Bahrain,,2009/4/26 - 2009/4/26,,,Finished
2009,5,847,"Circuit de Barcelona-Catalunya, Spain",Spain Grand Prix,Spain,,2009/5/10 - 2009/5/10,,,Finished
2009,6,848,"Circuit de Monaco, Monaco",Monaco Grand Prix,Monaco,,2009/5/24 - 2009/5/24,,,Finished
2009,7,849,"Intercity Istanbul Park, Turkey",Turkey Grand Prix,Turkey,,2009/6/7 - 2009/6/7,,,Finished
2009,8,850,"Silverstone Circuit, Great Britain",Great Britain Grand Prix,Great Britain,,2009/6/21 - 2009/6/21,,,Finished
2009,9,851,"Nürburgring, Germany",Germany Grand Prix,Germany,,2009/7/12 - 2009/7/12,,,Finished
2009,10,852,"Hungaroring, Hungary",Hungary Grand Prix,Hungary,,2009/7/26 - 2009/7/26,,,Finished
2009,11,853,"Valencia Street Circuit, Spain",Europe Grand Prix,Europe,,2009/8/23 - 2009/8/23,,,Finished
2009,12,854,"Circuit de Spa-Francorchamps, Belgium",Belgium Grand Prix,Belgium,,2009/8/30 - 2009/8/30,,,Finished
2009,13,855,"Autodromo Nazionale Monza, Italy",Italy Grand Prix,Italy,,2009/9/13 - 2009/9/13,,,Finished
2009,14,856,"Marina Bay Street Circuit, Singapore",Singapore Grand Prix,Singapore,,2009/9/27 - 2009/9/27,,,Finished
2009,15,857,"Suzuka Circuit, Japan",Japan Grand Prix,Japan,,2009/10/4 - 2009/10/4,,,Finished
2009,16,858,"Autódromo José Carlos Pace, Brazil",Brazil Grand Prix,Brazil,,2009/10/18 - 2009/10/18,,,Finished
2009,17,859,"Yas Marina Circuit, Abu Dhabi",Abu Dhabi Grand Prix,Abu Dhabi,,2009/11/1 - 2009/11/1,,,Finished
2008,1,825,"Albert Park Grand Prix Circuit, Australia",Australia Grand Prix,Australia,,2008/3/16 - 2008/3/16,,,Finished
2008,2,826,"Sepang International Circuit, Malaysia",Malaysia Grand Prix,Malaysia,,2008/3/23 - 2008/3/23,,,Finished
2008,3,827,"Bahrain International Circuit, Bahrain",Bahrain Grand Prix,Bahrain,,2008/4/6 - 2008/4/6,,,Finished
2008,4,828,"Circuit de Barcelona-Catalunya, Spain",Spain Grand Prix,Spain,,2008/4/27 - 2008/4/27,,,Finished
2008,5,829,"Intercity Istanbul Park, Turkey",Turkey Grand Prix,Turkey,,2008/5/11 - 2008/5/11,,,Finished
2008,6,830,"Circuit de Monaco, Monaco",Monaco Grand Prix,Monaco,,2008/5/25 - 2008/5/25,,,Finished
2008,7,831,"Circuit Gilles-Villeneuve, Canada",Canada Grand Prix,Canada,,2008/6/8 - 2008/6/8,,,Finished
2008,8,832,"Circuit de Nevers Magny-Cours, France",France Grand Prix,France,,2008/6/22 - 2008/6/22,,,Finished
2008,9,833,"Silverstone Circuit, Great Britain",Great Britain Grand Prix,Great Britain,,2008/7/6 - 2008/7/6,,,Finished
2008,10,834,"Hockenheimring, Germany",Germany Grand Prix,Germany,,2008/7/20 - 2008/7/20,,,Finished
2008,11,835,"Hungaroring, Hungary",Hungary Grand Prix,Hungary,,2008/8/3 - 2008/8/3,,,Finished
2008,12,836,"Valencia Street Circuit, Spain",Europe Grand Prix,Europe,,2008/8/24 - 2008/8/24,,,Finished
2008,13,837,"Circuit de Spa-Francorchamps, Belgium",Belgium Grand Prix,Belgium,,2008/9/7 - 2008/9/7,,,Finished
2008,14,838,"Autodromo Nazionale Monza, Italy",Italy Grand Prix,Italy,,2008/9/14 - 2008/9/14,,,Finished
2008,15,839,"Marina Bay Street Circuit, Singapore",Singapore Grand Prix,Singapore,,2008/9/28 - 2008/9/28,,,Finished
2008,16,840,"Fuji Speedway, Japan",Japan Grand Prix,Japan,,2008/10/12 - 2008/10/12,,,Finished
2008,17,841,"Shanghai International Circuit, China",China Grand Prix,China,,2008/10/19 - 2008/10/19,,,Finished
2008,18,842,"Autódromo José Carlos Pace, Brazil",Brazil Grand Prix,Brazil,,2008/11/2 - 2008/11/2,,,Finished
2007,1,808,"Albert Park Grand Prix Circuit, Australia",Australia Grand Prix,Australia,,2007/3/18 - 2007/3/18,,,Finished
2007,2,809,"Sepang International Circuit, Malaysia",Malaysia Grand Prix,Malaysia,,2007/4/8 - 2007/4/8,,,Finished
2007,3,810,"Bahrain International Circuit, Bahrain",Bahrain Grand Prix,Bahrain,,2007/4/15 - 2007/4/15,,,Finished
2007,4,811,"Circuit de Barcelona-Catalunya, Spain",Spain Grand Prix,Spain,,2007/5/13 - 2007/5/13,,,Finished
2007,5,812,"Circuit de Monaco, Monaco",Monaco Grand Prix,Monaco,,2007/5/27 - 2007/5/27,,,Finished
2007,6,813,"Circuit Gilles-Villeneuve, Canada",Canada Grand Prix,Canada,,2007/6/10 - 2007/6/10,,,Finished
2007,7,814,"Indianapolis Motor Speedway, United States",United States Grand Prix,United States,,2007/6/17 - 2007/6/17,,,Finished
2007,8,815,"Circuit de Nevers Magny-Cours, France",France Grand Prix,France,,2007/7/1 - 2007/7/1,,,Finished
2007,9,816,"Silverstone Circuit, Great Britain",Great Britain Grand Prix,Great Britain,,2007/7/8 - 2007/7/8,,,Finished
2007,10,817,"Nürburgring, Germany",Europe Grand Prix,Europe,,2007/7/22 - 2007/7/22,,,Finished
2007,11,818,"Hungaroring, Hungary",Hungary Grand Prix,Hungary,,2007/8/5 - 2007/8/5,,,Finished
2007,12,819,"Intercity Istanbul Park, Turkey",Turkey Grand Prix,Turkey,,2007/8/26 - 2007/8/26,,,Finished
2007,13,820,"Autodromo Nazionale Monza, Italy",Italy Grand Prix,Italy,,2007/9/9 - 2007/9/9,,,Finished
2007,14,821,"Circuit de Spa-Francorchamps, Belgium",Belgium Grand Prix,Belgium,,2007/9/16 - 2007/9/16,,,Finished
2007,15,822,"Fuji Speedway, Japan",Japan Grand Prix,Japan,,2007/9/30 - 2007/9/30,,,Finished
2007,16,823,"Shanghai International Circuit, China",China Grand Prix,China,,2007/10/7 - 2007/10/7,,,Finished
2007,17,824,"Autódromo José Carlos Pace, Brazil",Brazil Grand Prix,Brazil,,2007/10/21 - 2007/10/21,,,Finished
2006,1,790,"Bahrain International Circuit, Bahrain",Bahrain Grand Prix,Bahrain,,2006/3/12 - 2006/3/12,,,Finished
2006,2,791,"Sepang International Circuit, Malaysia",Malaysia Grand Prix,Malaysia,,2006/3/19 - 2006/3/19,,,Finished
2006,3,792,"Albert Park Grand Prix Circuit, Australia",Australia Grand Prix,Australia,,2006/4/2 - 2006/4/2,,,Finished
2006,4,793,"Autodromo Internazionale Enzo e Dino Ferrari, San Marino",San Marino Grand Prix,San Marino,,2006/4/23 - 2006/4/23,,,Finished
2006,5,794,"Nürburgring, Germany",Europe Grand Prix,Europe,,2006/5/7 - 2006/5/7,,,Finished
2006,6,795,"Circuit de Barcelona-Catalunya, Spain",Spain Grand Prix,Spain,,2006/5/14 - 2006/5/14,,,Finished
2006,7,796,"Circuit de Monaco, Monaco",Monaco Grand Prix,Monaco,,2006/5/28 - 2006/5/28,,,Finished
2006,8,797,"Silverstone Circuit, Great Britain",Great Britain Grand Prix,Great Britain,,2006/6/11 - 2006/6/11,,,Finished
2006,9,798,"Circuit Gilles-Villeneuve, Canada",Canada Grand Prix,Canada,,2006/6/25 - 2006/6/25,,,Finished
2006,10,799,"Indianapolis Motor Speedway, United States",United States Grand Prix,United States,,2006/7/2 - 2006/7/2,,,Finished
2006,11,800,"Circuit de Nevers Magny-Cours, France",France Grand Prix,France,,2006/7/16 - 2006/7/16,,,Finished
2006,12,801,"Hockenheimring, Germany",Germany Grand Prix,Germany,,2006/7/30 - 2006/7/30,,,Finished
2006,13,802,"Hungaroring, Hungary",Hungary Grand Prix,Hungary,,2006/8/6 - 2006/8/6,,,Finished
2006,14,803,"Intercity Istanbul Park, Turkey",Turkey Grand Prix,Turkey,,2006/8/27 - 2006/8/27,,,Finished
2006,15,804,"Autodromo Nazionale Monza, Italy",Italy Grand Prix,Italy,,2006/9/10 - 2006/9/10,,,Finished
2006,16,805,"Shanghai International Circuit, China",China Grand Prix,China,,2006/10/1 - 2006/10/1,,,Finished
2006,17,806,"Suzuka Circuit, Japan",Japan Grand Prix,Japan,,2006/10/8 - 2006/10/8,,,Finished
2006,18,807,"Autódromo José Carlos Pace, Brazil",Brazil Grand Prix,Brazil,,2006/10/22 - 2006/10/22,,,Finished
2005,1,771,"Albert Park Grand Prix Circuit, Australia",Australia Grand Prix,Australia,,2005/3/6 - 2005/3/6,,,Finished
2005,2,772,"Sepang International Circuit, Malaysia",Malaysia Grand Prix,Malaysia,,2005/3/20 - 2005/3/20,,,Finished
2005,3,773,"Bahrain International Circuit, Bahrain",Bahrain Grand Prix,Bahrain,,2005/4/3 - 2005/4/3,,,Finished
2005,4,774,"Autodromo Internazionale Enzo e Dino Ferrari, San Marino",San Marino Grand Prix,San Marino,,2005/4/24 - 2005/4/24,,,Finished
2005,5,775,"Circuit de Barcelona-Catalunya, Spain",Spain Grand Prix,Spain,,2005/5/8 - 2005/5/8,,,Finished
2005,6,776,"Circuit de Monaco, Monaco",Monaco Grand Prix,Monaco,,2005/5/22 - 2005/5/22,,,Finished
2005,7,777,"Nürburgring, Germany",Europe Grand Prix,Europe,,2005/5/29 - 2005/5/29,,,Finished
2005,8,778,"Circuit Gilles-Villeneuve, Canada",Canada Grand Prix,Canada,,2005/6/12 - 2005/6/12,,,Finished
2005,9,779,"Indianapolis Motor Speedway, United States",United States Grand Prix,United States,,2005/6/19 - 2005/6/19,,,Finished
2005,10,780,"Circuit de Nevers Magny-Cours, France",France Grand Prix,France,,2005/7/3 - 2005/7/3,,,Finished
2005,11,781,"Silverstone Circuit, Great Britain",Great Britain Grand Prix,Great Britain,,2005/7/10 - 2005/7/10,,,Finished
2005,12,782,"Hockenheimring, Germany",Germany Grand Prix,Germany,,2005/7/24 - 2005/7/24,,,Finished
2005,13,783,"Hungaroring, Hungary",Hungary Grand Prix,Hungary,,2005/7/31 - 2005/7/31,,,Finished
2005,14,784,"Intercity Istanbul Park, Turkey",Turkey Grand Prix,Turkey,,2005/8/21 - 2005/8/21,,,Finished
2005,15,785,"Autodromo Nazionale Monza, Italy",Italy Grand Prix,Italy,,2005/9/4 - 2005/9/4,,,Finished
2005,16,786,"Circuit de Spa-Francorchamps, Belgium",Belgium Grand Prix,Belgium,,2005/9/11 - 2005/9/11,,,Finished
2005,17,787,"Autódromo José Carlos Pace, Brazil",Brazil Grand Prix,Brazil,,2005/9/25 - 2005/9/25,,,Finished
2005,18,788,"Suzuka Circuit, Japan",Japan Grand Prix,Japan,,2005/10/9 - 2005/10/9,,,Finished
2005,19,789,"Shanghai International Circuit, China",China Grand Prix,China,,2005/10/16 - 2005/10/16,,,Finished
2004,1,753,"Albert Park Grand Prix Circuit, Australia",Australia Grand Prix,Australia,,2004/3/7 - 2004/3/7,,,Finished
2004,2,754,"Sepang International Circuit, Malaysia",Malaysia Grand Prix,Malaysia,,2004/3/21 - 2004/3/21,,,Finished
2004,3,755,"Bahrain International Circuit, Bahrain",Bahrain Grand Prix,Bahrain,,2004/4/4 - 2004/4/4,,,Finished
2004,4,756,"Autodromo Internazionale Enzo e Dino Ferrari, San Marino",San Marino Grand Prix,San Marino,,2004/4/25 - 2004/4/25,,,Finished
2004,5,757,"Circuit de Barcelona-Catalunya, Spain",Spain Grand Prix,Spain,,2004/5/9 - 2004/5/9,,,Finished
2004,6,758,"Circuit de Monaco, Monaco",Monaco Grand Prix,Monaco,,2004/5/23 - 2004/5/23,,,Finished
2004,7,759,"Nürburgring, Germany",Europe Grand Prix,Europe,,2004/5/30 - 2004/5/30,,,Finished
2004,8,760,"Circuit Gilles-Villeneuve, Canada",Canada Grand Prix,Canada,,2004/6/13 - 2004/6/13,,,Finished
2004,9,761,"Indianapolis Motor Speedway, United States",United States Grand Prix,United States,,2004/6/20 - 2004/6/20,,,Finished
2004,10,762,"Circuit de Nevers Magny-Cours, France",France Grand Prix,France,,2004/7/4 - 2004/7/4,,,Finished
2004,11,763,"Silverstone Circuit, Great Britain",Great Britain Grand Prix,Great Britain,,2004/7/11 - 2004/7/11,,,Finished
2004,12,764,"Hockenheimring, Germany",Germany Grand Prix,Germany,,2004/7/25 - 2004/7/25,,,Finished
2004,13,765,"Hungaroring, Hungary",Hungary Grand Prix,Hungary,,2004/8/15 - 2004/8/15,,,Finished
2004,14,766,"Circuit de Spa-Francorchamps, Belgium",Belgium Grand Prix,Belgium,,2004/8/29 - 2004/8/29,,,Finished
2004,15,767,"Autodromo Nazionale Monza, Italy",Italy Grand Prix,Italy,,2004/9/12 - 2004/9/12,,,Finished
2004,16,768,"Shanghai International Circuit, China",China Grand Prix,China,,2004/9/26 - 2004/9/26,,,Finished
2004,17,769,"Suzuka Circuit, Japan",Japan Grand Prix,Japan,,2004/10/10 - 2004/10/10,,,Finished
2004,18,770,"Autódromo José Carlos Pace, Brazil",Brazil Grand Prix,Brazil,,2004/10/24 - 2004/10/24,,,Finished
2003,1,737,"Albert Park Grand Prix Circuit, Australia",Australia Grand Prix,Australia,,2003/3/9 - 2003/3/9,,,Finished
2003,2,738,"Sepang International Circuit, Malaysia",Malaysia Grand Prix,Malaysia,,2003/3/23 - 2003/3/23,,,Finished
2003,3,739,"Autódromo José Carlos Pace, Brazil",Brazil Grand Prix,Brazil,,2003/4/6 - 2003/4/6,,,Finished
2003,4,740,"Autodromo Internazionale Enzo e Dino Ferrari, San Marino",San Marino Grand Prix,San Marino,,2003/4/20 - 2003/4/20,,,Finished
2003,5,741,"Circuit de Barcelona-Catalunya, Spain",Spain Grand Prix,Spain,,2003/5/4 - 2003/5/4,,,Finished
2003,6,742,"Red Bull Ring, Austria",Austria Grand Prix,Austria,,2003/5/18 - 2003/5/18,,,Finished
2003,7,743,"Circuit de Monaco, Monaco",Monaco Grand Prix,Monaco,,2003/6/1 - 2003/6/1,,,Finished
2003,8,744,"Circuit Gilles-Villeneuve, Canada",Canada Grand Prix,Canada,,2003/6/15 - 2003/6/15,,,Finished
2003,9,745,"Nürburgring, Germany",Europe Grand Prix,Europe,,2003/6/29 - 2003/6/29,,,Finished
2003,10,746,"Circuit de Nevers Magny-Cours, France",France Grand Prix,France,,2003/7/6 - 2003/7/6,,,Finished
2003,11,747,"Silverstone Circuit, Great Britain",Great Britain Grand Prix,Great Britain,,2003/7/20 - 2003/7/20,,,Finished
2003,12,748,"Hockenheimring, Germany",Germany Grand Prix,Germany,,2003/8/3 - 2003/8/3,,,Finished
2003,13,749,"Hungaroring, Hungary",Hungary Grand Prix,Hungary,,2003/8/24 - 2003/8/24,,,Finished
2003,14,750,"Autodromo Nazionale Monza, Italy",Italy Grand Prix,Italy,,2003/9/14 - 2003/9/14,,,Finished
2003,15,751,"Indianapolis Motor Speedway, United States",United States Grand Prix,United States,,2003/9/28 - 2003/9/28,,,Finished
2003,16,752,"Suzuka Circuit, Japan",Japan Grand Prix,Japan,,2003/10/12 - 2003/10/12,,,Finished
2002,1,720,"Albert Park Grand Prix Circuit, Australia",Australia Grand Prix,Australia,,2002/3/3 - 2002/3/3,,,Finished
2002,2,721,"Sepang International Circuit, Malaysia",Malaysia Grand Prix,Malaysia,,2002/3/17 - 2002/3/17,,,Finished
2002,3,722,"Autódromo José Carlos Pace, Brazil",Brazil Grand Prix,Brazil,,2002/3/31 - 2002/3/31,,,Finished
2002,4,723,"Autodromo Internazionale Enzo e Dino Ferrari, San Marino",San Marino Grand Prix,San Marino,,2002/4/14 - 2002/4/14,,,Finished
2002,5,724,"Circuit de Barcelona-Catalunya, Spain",Spain Grand Prix,Spain,,2002/4/28 - 2002/4/28,,,Finished
2002,6,725,"Red Bull Ring, Austria",Austria Grand Prix,Austria,,2002/5/12 - 2002/5/12,,,Finished
2002,7,726,"Circuit de Monaco, Monaco",Monaco Grand Prix,Monaco,,2002/5/26 - 2002/5/26,,,Finished
2002,8,727,"Circuit Gilles-Villeneuve, Canada",Canada Grand Prix,Canada,,2002/6/9 - 2002/6/9,,,Finished
2002,9,728,"Nürburgring, Germany",Europe Grand Prix,Europe,,2002/6/23 - 2002/6/23,,,Finished
2002,10,729,"Silverstone Circuit, Great Britain",Great Britain Grand Prix,Great Britain,,2002/7/7 - 2002/7/7,,,Finished
2002,11,730,"Circuit de Nevers Magny-Cours, France",France Grand Prix,France,,2002/7/21 - 2002/7/21,,,Finished
2002,12,731,"Hockenheimring, Germany",Germany Grand Prix,Germany,,2002/7/28 - 2002/7/28,,,Finished
2002,13,732,"Hungaroring, Hungary",Hungary Grand Prix,Hungary,,2002/8/18 - 2002/8/18,,,Finished
2002,14,733,"Circuit de Spa-Francorchamps, Belgium",Belgium Grand Prix,Belgium,,2002/9/1 - 2002/9/1,,,Finished
2002,15,734,"Autodromo Nazionale Monza, Italy",Italy Grand Prix,Italy,,2002/9/15 - 2002/9/15,,,Finished
2002,16,735,"Indianapolis Motor Speedway, United States",United States Grand Prix,United States,,2002/9/29 - 2002/9/29,,,Finished
2002,17,736,"Suzuka Circuit, Japan",Japan Grand Prix,Japan,,2002/10/13 - 2002/10/13,,,Finished
2001,1,703,"Albert Park Grand Prix Circuit, Australia",Australia Grand Prix,Australia,,2001/3/4 - 2001/3/4,,,Finished
2001,2,704,"Sepang International Circuit, Malaysia",Malaysia Grand Prix,Malaysia,,2001/3/18 - 2001/3/18,,,Finished
2001,3,705,"Autódromo José Carlos Pace, Brazil",Brazil Grand Prix,Brazil,,2001/4/1 - 2001/4/1,,,Finished
2001,4,706,"Autodromo Internazionale Enzo e Dino Ferrari, San Marino",San Marino Grand Prix,San Marino,,2001/4/15 - 2001/4/15,,,Finished
2001,5,707,"Circuit de Barcelona-Catalunya, Spain",Spain Grand Prix,Spain,,2001/4/29 - 2001/4/29,,,Finished
2001,6,708,"Red Bull Ring, Austria",Austria Grand Prix,Austria,,2001/5/13 - 2001/5/13,,,Finished
2001,7,709,"Circuit de Monaco, Monaco",Monaco Grand Prix,Monaco,,2001/5/27 - 2001/5/27,,,Finished
2001,8,710,"Circuit Gilles-Villeneuve, Canada",Canada Grand Prix,Canada,,2001/6/10 - 2001/6/10,,,Finished
2001,9,711,"Nürburgring, Germany",Europe Grand Prix,Europe,,2001/6/24 - 2001/6/24,,,Finished
2001,10,712,"Circuit de Nevers Magny-Cours, France",France Grand Prix,France,,2001/7/1 - 2001/7/1,,,Finished
2001,11,713,"Silverstone Circuit, Great Britain",Great Britain Grand Prix,Great Britain,,2001/7/15 - 2001/7/15,,,Finished
2001,12,714,"Hockenheimring, Germany",Germany Grand Prix,Germany,,2001/7/29 - 2001/7/29,,,Finished
2001,13,715,"Hungaroring, Hungary",Hungary Grand Prix,Hungary,,2001/8/19 - 2001/8/19,,,Finished
2001,14,716,"Circuit de Spa-Francorchamps, Belgium",Belgium Grand Prix,Belgium,,2001/9/2 - 2001/9/2,,,Finished
2001,15,717,"Autodromo Nazionale Monza, Italy",Italy Grand Prix,Italy,,2001/9/16 - 2001/9/16,,,Finished
2001,16,718,"Indianapolis Motor Speedway, United States",United States Grand Prix,United States,,2001/9/30 - 2001/9/30,,,Finished
2001,17,719,"Suzuka Circuit, Japan",Japan Grand Prix,Japan,,2001/10/14 - 2001/10/14,,,Finished
2000,1,47,"Albert Park Grand Prix Circuit, Australia",Australia Grand Prix,Australia,,2000/3/12 - 2000/3/12,,,Finished
2000,2,48,"Autódromo José Carlos Pace, Brazil",Brazil Grand Prix,Brazil,,2000/3/26 - 2000/3/26,,,Finished
2000,3,49,"Autodromo Internazionale Enzo e Dino Ferrari, San Marino",San Marino Grand Prix,San Marino,,2000/4/9 - 2000/4/9,,,Finished
2000,4,50,"Silverstone Circuit, Great Britain",Great Britain Grand Prix,Great Britain,,2000/4/23 - 2000/4/23,,,Finished
2000,5,51,"Circuit de Barcelona-Catalunya, Spain",Spain Grand Prix,Spain,,2000/5/7 - 2000/5/7,,,Finished
2000,6,52,"Nürburgring, Germany",Europe Grand Prix,Europe,,2000/5/21 - 2000/5/21,,,Finished
2000,7,53,"Circuit de Monaco, Monaco",Monaco Grand Prix,Monaco,,2000/6/4 - 2000/6/4,,,Finished
2000,8,54,"Circuit Gilles-Villeneuve, Canada",Canada Grand Prix,Canada,,2000/6/18 - 2000/6/18,,,Finished
2000,9,55,"Circuit de Nevers Magny-Cours, France",France Grand Prix,France,,2000/7/2 - 2000/7/2,,,Finished
2000,10,56,"Red Bull Ring, Austria",Austria Grand Prix,Austria,,2000/7/16 - 2000/7/16,,,Finished
2000,11,57,"Hockenheimring, Germany",Germany Grand Prix,Germany,,2000/7/30 - 2000/7/30,,,Finished
2000,12,58,"Hungaroring, Hungary",Hungary Grand Prix,Hungary,,2000/8/13 - 2000/8/13,,,Finished
2000,13,59,"Circuit de Spa-Francorchamps, Belgium",Belgium Grand Prix,Belgium,,2000/8/27 - 2000/8/27,,,Finished
2000,14,60,"Autodromo Nazionale Monza, Italy",Italy Grand Prix,Italy,,2000/9/10 - 2000/9/10,,,Finished
2000,15,61,"Indianapolis Motor Speedway, United States",United States Grand Prix,United States,,2000/9/24 - 2000/9/24,,,Finished
2000,16,62,"Suzuka Circuit, Japan",Japan Grand Prix,Japan,,2000/10/8 - 2000/10/8,,,Finished
2000,17,63,"Sepang International Circuit, Malaysia",Malaysia Grand Prix,Malaysia,,2000/10/22 - 2000/10/22,,,Finished
1999,1,687,"Albert Park Grand Prix Circuit, Australia",Australia Grand Prix,Australia,,1999/3/7 - 1999/3/7,,,Finished
1999,2,688,"Autódromo José Carlos Pace, Brazil",Brazil Grand Prix,Brazil,,1999/4/11 - 1999/4/11,,,Finished
1999,3,689,"Autodromo Internazionale Enzo e Dino Ferrari, San Marino",San Marino Grand Prix,San Marino,,1999/5/2 - 1999/5/2,,,Finished
1999,4,690,"Circuit de Monaco, Monaco",Monaco Grand Prix,Monaco,,1999/5/16 - 1999/5/16,,,Finished
1999,5,691,"Circuit de Barcelona-Catalunya, Spain",Spain Grand Prix,Spain,,1999/5/30 - 1999/5/30,,,Finished
1999,6,692,"Circuit Gilles-Villeneuve, Canada",Canada Grand Prix,Canada,,1999/6/13 - 1999/6/13,,,Finished
1999,7,693,"Circuit de Nevers Magny-Cours, France",France Grand Prix,France,,1999/6/27 - 1999/6/27,,,Finished
1999,8,694,"Silverstone Circuit, Great Britain",Great Britain Grand Prix,Great Britain,,1999/7/11 - 1999/7/11,,,Finished
1999,9,695,"Red Bull Ring, Austria",Austria Grand Prix,Austria,,1999/7/25 - 1999/7/25,,,Finished
1999,10,696,"Hockenheimring, Germany",Germany Grand Prix,Germany,,1999/8/1 - 1999/8/1,,,Finished
1999,11,697,"Hungaroring, Hungary",Hungary Grand Prix,Hungary,,1999/8/15 - 1999/8/15,,,Finished
1999,12,698,"Circuit de Spa-Francorchamps, Belgium",Belgium Grand Prix,Belgium,,1999/8/29 - 1999/8/29,,,Finished
1999,13,699,"Autodromo Nazionale Monza, Italy",Italy Grand Prix,Italy,,1999/9/12 - 1999/9/12,,,Finished
1999,14,700,"Nürburgring, Germany",Europe Grand Prix,Europe,,1999/9/26 - 1999/9/26,,,Finished
1999,15,701,"Sepang International Circuit, Malaysia",Malaysia Grand Prix,Malaysia,,1999/10/17 - 1999/10/17,,,Finished
1999,16,702,"Suzuka Circuit, Japan",Japan Grand Prix,Japan,,1999/10/31 - 1999/10/31,,,Finished
1998,1,671,"Albert Park Grand Prix Circuit, Australia",Australia Grand Prix,Australia,,1998/3/8 - 1998/3/8,,,Finished
1998,2,672,"Autódromo José Carlos Pace, Brazil",Brazil Grand Prix,Brazil,,1998/3/29 - 1998/3/29,,,Finished
1998,3,673,"Autódromo Juan y Oscar Gálvez, Argentina",Argentina Grand Prix,Argentina,,1998/4/12 - 1998/4/12,,,Finished
1998,4,674,"Autodromo Internazionale Enzo e Dino Ferrari, San Marino",San Marino Grand Prix,San Marino,,1998/4/26 - 1998/4/26,,,Finished
1998,5,675,"Circuit de Barcelona-Catalunya, Spain",Spain Grand Prix,Spain,,1998/5/10 - 1998/5/10,,,Finished
1998,6,676,"Circuit de Monaco, Monaco",Monaco Grand Prix,Monaco,,1998/5/24 - 1998/5/24,,,Finished
1998,7,677,"Circuit Gilles-Villeneuve, Canada",Canada Grand Prix,Canada,,1998/6/7 - 1998/6/7,,,Finished
1998,8,678,"Circuit de Nevers Magny-Cours, France",France Grand Prix,France,,1998/6/28 - 1998/6/28,,,Finished
1998,9,679,"Silverstone Circuit, Great Britain",Great Britain Grand Prix,Great Britain,,1998/7/12 - 1998/7/12,,,Finished
1998,10,680,"Red Bull Ring, Austria",Austria Grand Prix,Austria,,1998/7/26 - 1998/7/26,,,Finished
1998,11,681,"Hockenheimring, Germany",Germany Grand Prix,Germany,,1998/8/2 - 1998/8/2,,,Finished
1998,12,682,"Hungaroring, Hungary",Hungary Grand Prix,Hungary,,1998/8/16 - 1998/8/16,,,Finished
1998,13,683,"Circuit de Spa-Francorchamps, Belgium",Belgium Grand Prix,Belgium,,1998/8/30 - 1998/8/30,,,Finished
1998,14,684,"Autodromo Nazionale Monza, Italy",Italy Grand Prix,Italy,,1998/9/13 - 1998/9/13,,,Finished
1998,15,685,"Nürburgring, Germany",Luxembourg Grand Prix,Luxembourg,,1998/9/27 - 1998/9/27,,,Finished
1998,16,686,"Suzuka Circuit, Japan",Japan Grand Prix,Japan,,1998/11/1 - 1998/11/1,,,Finished
1997,1,654,"Albert Park Grand Prix Circuit, Australia",Australia Grand Prix,Australia,,1997/3/9 - 1997/3/9,,,Finished
1997,2,655,"Autódromo José Carlos Pace, Brazil",Brazil Grand Prix,Brazil,,1997/3/30 - 1997/3/30,,,Finished
1997,3,656,"Autódromo Juan y Oscar Gálvez, Argentina",Argentina Grand Prix,Argentina,,1997/4/13 - 1997/4/13,,,Finished
1997,4,657,"Autodromo Internazionale Enzo e Dino Ferrari, San Marino",San Marino Grand Prix,San Marino,,1997/4/27 - 1997/4/27,,,Finished
1997,5,658,"Circuit de Monaco, Monaco",Monaco Grand Prix,Monaco,,1997/5/11 - 1997/5/11,,,Finished
1997,6,659,"Circuit de Barcelona-Catalunya, Spain",Spain Grand Prix,Spain,,1997/5/25 - 1997/5/25,,,Finished
1997,7,660,"Circuit Gilles-Villeneuve, Canada",Canada Grand Prix,Canada,,1997/6/15 - 1997/6/15,,,Finished
1997,8,661,"Circuit de Nevers Magny-Cours, France",France Grand Prix,France,,1997/6/29 - 1997/6/29,,,Finished
1997,9,662,"Silverstone Circuit, Great Britain",Great Britain Grand Prix,Great Britain,,1997/7/13 - 1997/7/13,,,Finished
1997,10,663,"Hockenheimring, Germany",Germany Grand Prix,Germany,,1997/7/27 - 1997/7/27,,,Finished
1997,11,664,"Hungaroring, Hungary",Hungary Grand Prix,Hungary,,1997/8/10 - 1997/8/10,,,Finished
1997,12,665,"Circuit de Spa-Francorchamps, Belgium",Belgium Grand Prix,Belgium,,1997/8/24 - 1997/8/24,,,Finished
1997,13,666,"Autodromo Nazionale Monza, Italy",Italy Grand Prix,Italy,,1997/9/7 - 1997/9/7,,,Finished
1997,14,667,"Red Bull Ring, Austria",Austria Grand Prix,Austria,,1997/9/21 - 1997/9/21,,,Finished
1997,15,668,"Nürburgring, Germany",Luxembourg Grand Prix,Luxembourg,,1997/9/28 - 1997/9/28,,,Finished
1997,16,669,"Suzuka Circuit, Japan",Japan Grand Prix,Japan,,1997/10/12 - 1997/10/12,,,Finished
1997,17,670,"Circuito Permanente de Jerez, Spain",Europe Grand Prix,Europe,,1997/10/26 - 1997/10/26,,,Finished
1996,1,638,"Albert Park Grand Prix Circuit, Australia",Australia Grand Prix,Australia,,1996/3/10 - 1996/3/10,,,Finished
1996,2,639,"Autódromo José Carlos Pace, Brazil",Brazil Grand Prix,Brazil,,1996/3/31 - 1996/3/31,,,Finished
1996,3,640,"Autódromo Juan y Oscar Gálvez, Argentina",Argentina Grand Prix,Argentina,,1996/4/7 - 1996/4/7,,,Finished
1996,4,641,"Nürburgring, Germany",Europe Grand Prix,Europe,,1996/4/28 - 1996/4/28,,,Finished
1996,5,642,"Autodromo Internazionale Enzo e Dino Ferrari, San Marino",San Marino Grand Prix,San Marino,,1996/5/5 - 1996/5/5,,,Finished
1996,6,643,"Circuit de Monaco, Monaco",Monaco Grand Prix,Monaco,,1996/5/19 - 1996/5/19,,,Finished
1996,7,644,"Circuit de Barcelona-Catalunya, Spain",Spain Grand Prix,Spain,,1996/6/2 - 1996/6/2,,,Finished
1996,8,645,"Circuit Gilles-Villeneuve, Canada",Canada Grand Prix,Canada,,1996/6/16 - 1996/6/16,,,Finished
1996,9,646,"Circuit de Nevers Magny-Cours, France",France Grand Prix,France,,1996/6/30 - 1996/6/30,,,Finished
1996,10,647,"Silverstone Circuit, Great Britain",Great Britain Grand Prix,Great Britain,,1996/7/14 - 1996/7/14,,,Finished
1996,11,648,"Hockenheimring, Germany",Germany Grand Prix,Germany,,1996/7/28 - 1996/7/28,,,Finished
1996,12,649,"Hungaroring, Hungary",Hungary Grand Prix,Hungary,,1996/8/11 - 1996/8/11,,,Finished
1996,13,650,"Circuit de Spa-Francorchamps, Belgium",Belgium Grand Prix,Belgium,,1996/8/25 - 1996/8/25,,,Finished
1996,14,651,"Autodromo Nazionale Monza, Italy",Italy Grand Prix,Italy,,1996/9/8 - 1996/9/8,,,Finished
1996,15,652,"Autódromo do Estoril, Portugal",Portugal Grand Prix,Portugal,,1996/9/22 - 1996/9/22,,,Finished
1996,16,653,"Suzuka Circuit, Japan",Japan Grand Prix,Japan,,1996/10/13 - 1996/10/13,,,Finished
1995,1,621,"Autódromo José Carlos Pace, Brazil",Brazil Grand Prix,Brazil,,1995/3/26 - 1995/3/26,,,Finished
1995,2,622,"Autódromo Juan y Oscar Gálvez, Argentina",Argentina Grand Prix,Argentina,,1995/4/9 - 1995/4/9,,,Finished
1995,3,623,"Autodromo Internazionale Enzo e Dino Ferrari, San Marino",San Marino Grand Prix,San Marino,,1995/4/30 - 1995/4/30,,,Finished
1995,4,624,"Circuit de Barcelona-Catalunya, Spain",Spain Grand Prix,Spain,,1995/5/14 - 1995/5/14,,,Finished
1995,5,625,"Circuit de Monaco, Monaco",Monaco Grand Prix,Monaco,,1995/5/28 - 1995/5/28,,,Finished
1995,6,626,"Circuit Gilles-Villeneuve, Canada",Canada Grand Prix,Canada,,1995/6/11 - 1995/6/11,,,Finished
1995,7,627,"Circuit de Nevers Magny-Cours, France",France Grand Prix,France,,1995/7/2 - 1995/7/2,,,Finished
1995,8,628,"Silverstone Circuit, Great Britain",Great Britain Grand Prix,Great Britain,,1995/7/16 - 1995/7/16,,,Finished
1995,9,629,"Hockenheimring, Germany",Germany Grand Prix,Germany,,1995/7/30 - 1995/7/30,,,Finished
1995,10,630,"Hungaroring, Hungary",Hungary Grand Prix,Hungary,,1995/8/13 - 1995/8/13,,,Finished
1995,11,631,"Circuit de Spa-Francorchamps, Belgium",Belgium Grand Prix,Belgium,,1995/8/27 - 1995/8/27,,,Finished
1995,12,632,"Autodromo Nazionale Monza, Italy",Italy Grand Prix,Italy,,1995/9/10 - 1995/9/10,,,Finished
1995,13,633,"Autódromo do Estoril, Portugal",Portugal Grand Prix,Portugal,,1995/9/24 - 1995/9/24,,,Finished
1995,14,634,"Nürburgring, Germany",Europe Grand Prix,Europe,,1995/10/1 - 1995/10/1,,,Finished
1995,15,635,"TI Circuit Aida, Japan",Pacific Grand Prix,Pacific,,1995/10/22 - 1995/10/22,,,Finished
1995,16,636,"Suzuka Circuit, Japan",Japan Grand Prix,Japan,,1995/10/29 - 1995/10/29,,,Finished
1995,17,637,"Adelaide Street Circuit, Australia",Australia Grand Prix,Australia,,1995/11/12 - 1995/11/12,,,Finished
1994,1,605,"Autódromo José Carlos Pace, Brazil",Brazil Grand Prix,Brazil,,1994/3/27 - 1994/3/27,,,Finished
1994,2,606,"TI Circuit Aida, Japan",Pacific Grand Prix,Pacific,,1994/4/17 - 1994/4/17,,,Finished
1994,3,607,"Autodromo Internazionale Enzo e Dino Ferrari, San Marino",San Marino Grand Prix,San Marino,,1994/5/1 - 1994/5/1,,,Finished
1994,4,608,"Circuit de Monaco, Monaco",Monaco Grand Prix,Monaco,,1994/5/15 - 1994/5/15,,,Finished
1994,5,609,"Circuit de Barcelona-Catalunya, Spain",Spain Grand Prix,Spain,,1994/5/29 - 1994/5/29,,,Finished
1994,6,610,"Circuit Gilles-Villeneuve, Canada",Canada Grand Prix,Canada,,1994/6/12 - 1994/6/12,,,Finished
1994,7,611,"Circuit de Nevers Magny-Cours, France",France Grand Prix,France,,1994/7/3 - 1994/7/3,,,Finished
1994,8,612,"Silverstone Circuit, Great Britain",Great Britain Grand Prix,Great Britain,,1994/7/10 - 1994/7/10,,,Finished
1994,9,613,"Hockenheimring, Germany",Germany Grand Prix,Germany,,1994/7/31 - 1994/7/31,,,Finished
1994,10,614,"Hungaroring, Hungary",Hungary Grand Prix,Hungary,,1994/8/14 - 1994/8/14,,,Finished
1994,11,615,"Circuit de Spa-Francorchamps, Belgium",Belgium Grand Prix,Belgium,,1994/8/28 - 1994/8/28,,,Finished
1994,12,616,"Autodromo Nazionale Monza, Italy",Italy Grand Prix,Italy,,1994/9/11 - 1994/9/11,,,Finished
1994,13,617,"Autódromo do Estoril, Portugal",Portugal Grand Prix,Portugal,,1994/9/25 - 1994/9/25,,,Finished
1994,14,618,"Circuito Permanente de Jerez, Spain",Europe Grand Prix,Europe,,1994/10/16 - 1994/10/16,,,Finished
1994,15,619,"Suzuka Circuit, Japan",Japan Grand Prix,Japan,,1994/11/6 - 1994/11/6,,,Finished
1994,16,620,"Adelaide Street Circuit, Australia",Australia Grand Prix,Australia,,1994/11/13 - 1994/11/13,,,Finished
1993,1,3,"Silverstone Circuit, Great Britain",South Africa Grand Prix,South Africa,,1993/7/11 - 1993/7/11,,,Finished
1993,2,590,"Kyalami Grand Prix Circuit, South Africa",Brazil Grand Prix,Brazil,,1993/3/14 - 1993/3/14,,,Finished
1993,3,591,"Autódromo José Carlos Pace, Brazil",Europe Grand Prix,Europe,,1993/3/28 - 1993/3/28,,,Finished
1993,4,592,"Donington Park, Great Britain",San Marino Grand Prix,San Marino,,1993/4/11 - 1993/4/11,,,Finished
1993,5,593,"Autodromo Internazionale Enzo e Dino Ferrari, San Marino",Spain Grand Prix,Spain,,1993/4/25 - 1993/4/25,,,Finished
1993,6,594,"Circuit de Barcelona-Catalunya, Spain",Monaco Grand Prix,Monaco,,1993/5/9 - 1993/5/9,,,Finished
1993,7,595,"Circuit de Monaco, Monaco",Canada Grand Prix,Canada,,1993/5/23 - 1993/5/23,,,Finished
1993,8,596,"Circuit Gilles-Villeneuve, Canada",France Grand Prix,France,,1993/6/13 - 1993/6/13,,,Finished
1993,9,597,"Circuit de Nevers Magny-Cours, France",Great Britain Grand Prix,Great Britain,,1993/7/4 - 1993/7/4,,,Finished
1993,10,598,"Hockenheimring, Germany",Germany Grand Prix,Germany,,1993/7/25 - 1993/7/25,,,Finished
1993,11,599,"Hungaroring, Hungary",Hungary Grand Prix,Hungary,,1993/8/15 - 1993/8/15,,,Finished
1993,12,600,"Circuit de Spa-Francorchamps, Belgium",Belgium Grand Prix,Belgium,,1993/8/29 - 1993/8/29,,,Finished
1993,13,601,"Autodromo Nazionale Monza, Italy",Italy Grand Prix,Italy,,1993/9/12 - 1993/9/12,,,Finished
1993,14,602,"Autódromo do Estoril, Portugal",Portugal Grand Prix,Portugal,,1993/9/26 - 1993/9/26,,,Finished
1993,15,603,"Suzuka Circuit, Japan",Japan Grand Prix,Japan,,1993/10/24 - 1993/10/24,,,Finished
1993,16,604,"Adelaide Street Circuit, Australia",Australia Grand Prix,Australia,,1993/11/7 - 1993/11/7,,,Finished
1992,1,2,"Kyalami Grand Prix Circuit, South Africa",South Africa Grand Prix,South Africa,,1992/3/1 - 1992/3/1,,,Finished
1992,2,575,"Autódromo Hermanos Rodríguez, Mexico",Mexico Grand Prix,Mexico,,1992/3/22 - 1992/3/22,,,Finished
1992,3,576,"Autódromo José Carlos Pace, Brazil",Brazil Grand Prix,Brazil,,1992/4/5 - 1992/4/5,,,Finished
1992,4,577,"Circuit de Barcelona-Catalunya, Spain",Spain Grand Prix,Spain,,1992/5/3 - 1992/5/3,,,Finished
1992,5,578,"Autodromo Internazionale Enzo e Dino Ferrari, San Marino",San Marino Grand Prix,San Marino,,1992/5/17 - 1992/5/17,,,Finished
1992,6,579,"Circuit de Monaco, Monaco",Monaco Grand Prix,Monaco,,1992/5/31 - 1992/5/31,,,Finished
1992,7,580,"Circuit Gilles-Villeneuve, Canada",Canada Grand Prix,Canada,,1992/6/14 - 1992/6/14,,,Finished
1992,8,581,"Circuit de Nevers Magny-Cours, France",France Grand Prix,France,,1992/7/5 - 1992/7/5,,,Finished
1992,9,582,"Silverstone Circuit, Great Britain",Great Britain Grand Prix,Great Britain,,1992/7/12 - 1992/7/12,,,Finished
1992,10,583,"Hockenheimring, Germany",Germany Grand Prix,Germany,,1992/7/26 - 1992/7/26,,,Finished
1992,11,584,"Hungaroring, Hungary",Hungary Grand Prix,Hungary,,1992/8/16 - 1992/8/16,,,Finished
1992,12,585,"Circuit de Spa-Francorchamps, Belgium",Belgium Grand Prix,Belgium,,1992/8/30 - 1992/8/30,,,Finished
1992,13,586,"Autodromo Nazionale Monza, Italy",Italy Grand Prix,Italy,,1992/9/13 - 1992/9/13,,,Finished
1992,14,587,"Autódromo do Estoril, Portugal",Portugal Grand Prix,Portugal,,1992/9/27 - 1992/9/27,,,Finished
1992,15,588,"Suzuka Circuit, Japan",Japan Grand Prix,Japan,,1992/10/25 - 1992/10/25,,,Finished
1992,16,589,"Adelaide Street Circuit, Australia",Australia Grand Prix,Australia,,1992/11/8 - 1992/11/8,,,Finished
1991,1,559,"Phoenix Street Circuit, United States",United States Grand Prix,United States,,1991/3/10 - 1991/3/10,,,Finished
1991,2,560,"Autódromo José Carlos Pace, Brazil",Brazil Grand Prix,Brazil,,1991/3/24 - 1991/3/24,,,Finished
1991,3,561,"Autodromo Internazionale Enzo e Dino Ferrari, San Marino",San Marino Grand Prix,San Marino,,1991/4/28 - 1991/4/28,,,Finished
1991,4,562,"Circuit de Monaco, Monaco",Monaco Grand Prix,Monaco,,1991/5/12 - 1991/5/12,,,Finished
1991,5,563,"Circuit Gilles-Villeneuve, Canada",Canada Grand Prix,Canada,,1991/6/2 - 1991/6/2,,,Finished
1991,6,564,"Autódromo Hermanos Rodríguez, Mexico",Mexico Grand Prix,Mexico,,1991/6/16 - 1991/6/16,,,Finished
1991,7,565,"Circuit de Nevers Magny-Cours, France",France Grand Prix,France,,1991/7/7 - 1991/7/7,,,Finished
1991,8,566,"Silverstone Circuit, Great Britain",Great Britain Grand Prix,Great Britain,,1991/7/14 - 1991/7/14,,,Finished
1991,9,567,"Hockenheimring, Germany",Germany Grand Prix,Germany,,1991/7/28 - 1991/7/28,,,Finished
1991,10,568,"Hungaroring, Hungary",Hungary Grand Prix,Hungary,,1991/8/11 - 1991/8/11,,,Finished
1991,11,569,"Circuit de Spa-Francorchamps, Belgium",Belgium Grand Prix,Belgium,,1991/8/25 - 1991/8/25,,,Finished
1991,12,570,"Autodromo Nazionale Monza, Italy",Italy Grand Prix,Italy,,1991/9/8 - 1991/9/8,,,Finished
1991,13,571,"Autódromo do Estoril, Portugal",Portugal Grand Prix,Portugal,,1991/9/22 - 1991/9/22,,,Finished
1991,14,572,"Circuit de Barcelona-Catalunya, Spain",Spain Grand Prix,Spain,,1991/9/29 - 1991/9/29,,,Finished
1991,15,573,"Suzuka Circuit, Japan",Japan Grand Prix,Japan,,1991/10/20 - 1991/10/20,,,Finished
1991,16,574,"Adelaide Street Circuit, Australia",Australia Grand Prix,Australia,,1991/11/3 - 1991/11/3,,,Finished
1990,1,64,"Phoenix Street Circuit, United States",United States Grand Prix,United States,,1990/3/11 - 1990/3/11,,,Finished
1990,2,65,"Autódromo José Carlos Pace, Brazil",Brazil Grand Prix,Brazil,,1990/3/25 - 1990/3/25,,,Finished
1990,3,66,"Autodromo Internazionale Enzo e Dino Ferrari, San Marino",San Marino Grand Prix,San Marino,,1990/5/13 - 1990/5/13,,,Finished
1990,4,67,"Circuit de Monaco, Monaco",Monaco Grand Prix,Monaco,,1990/5/27 - 1990/5/27,,,Finished
1990,5,68,"Circuit Gilles-Villeneuve, Canada",Canada Grand Prix,Canada,,1990/6/10 - 1990/6/10,,,Finished
1990,6,69,"Autódromo Hermanos Rodríguez, Mexico",Mexico Grand Prix,Mexico,,1990/6/24 - 1990/6/24,,,Finished
1990,7,70,"Circuit Paul Ricard, France",France Grand Prix,France,,1990/7/8 - 1990/7/8,,,Finished
1990,8,71,"Silverstone Circuit, Great Britain",Great Britain Grand Prix,Great Britain,,1990/7/15 - 1990/7/15,,,Finished
1990,9,72,"Hockenheimring, Germany",Germany Grand Prix,Germany,,1990/7/29 - 1990/7/29,,,Finished
1990,10,73,"Hungaroring, Hungary",Hungary Grand Prix,Hungary,,1990/8/12 - 1990/8/12,,,Finished
1990,11,74,"Circuit de Spa-Francorchamps, Belgium",Belgium Grand Prix,Belgium,,1990/8/26 - 1990/8/26,,,Finished
1990,12,75,"Autodromo Nazionale Monza, Italy",Italy Grand Prix,Italy,,1990/9/9 - 1990/9/9,,,Finished
1990,13,76,"Autódromo do Estoril, Portugal",Portugal Grand Prix,Portugal,,1990/9/23 - 1990/9/23,,,Finished
1990,14,77,"Circuito Permanente de Jerez, Spain",Spain Grand Prix,Spain,,1990/9/30 - 1990/9/30,,,Finished
1990,15,78,"Suzuka Circuit, Japan",Japan Grand Prix,Japan,,1990/10/21 - 1990/10/21,,,Finished
1990,16,79,"Adelaide Street Circuit, Australia",Australia Grand Prix,Australia,,1990/11/4 - 1990/11/4,,,Finished
1989,1,543,"Autódromo Internacional do Rio de Janeiro, Brazil",Brazil Grand Prix,Brazil,,1989/3/26 - 1989/3/26,,,Finished
1989,2,544,"Autodromo Internazionale Enzo e Dino Ferrari, San Marino",San Marino Grand Prix,San Marino,,1989/4/23 - 1989/4/23,,,Finished
1989,3,545,"Circuit de Monaco, Monaco",Monaco Grand Prix,Monaco,,1989/5/7 - 1989/5/7,,,Finished
1989,4,546,"Autódromo Hermanos Rodríguez, Mexico",Mexico Grand Prix,Mexico,,1989/5/28 - 1989/5/28,,,Finished
1989,5,547,"Phoenix Street Circuit, United States",United States Grand Prix,United States,,1989/6/4 - 1989/6/4,,,Finished
1989,6,548,"Circuit Gilles-Villeneuve, Canada",Canada Grand Prix,Canada,,1989/6/18 - 1989/6/18,,,Finished
1989,7,549,"Circuit Paul Ricard, France",France Grand Prix,France,,1989/7/9 - 1989/7/9,,,Finished
1989,8,550,"Silverstone Circuit, Great Britain",Great Britain Grand Prix,Great Britain,,1989/7/16 - 1989/7/16,,,Finished
1989,9,551,"Hockenheimring, Germany",Germany Grand Prix,Germany,,1989/7/30 - 1989/7/30,,,Finished
1989,10,552,"Hungaroring, Hungary",Hungary Grand Prix,Hungary,,1989/8/13 - 1989/8/13,,,Finished
1989,11,553,"Circuit de Spa-Francorchamps, Belgium",Belgium Grand Prix,Belgium,,1989/8/27 - 1989/8/27,,,Finished
1989,12,554,"Autodromo Nazionale Monza, Italy",Italy Grand Prix,Italy,,1989/9/10 - 1989/9/10,,,Finished
1989,13,555,"Autódromo do Estoril, Portugal",Portugal Grand Prix,Portugal,,1989/9/24 - 1989/9/24,,,Finished
1989,14,556,"Circuito Permanente de Jerez, Spain",Spain Grand Prix,Spain,,1989/10/1 - 1989/10/1,,,Finished
1989,15,557,"Suzuka Circuit, Japan",Japan Grand Prix,Japan,,1989/10/22 - 1989/10/22,,,Finished
1989,16,558,"Adelaide Street Circuit, Australia",Australia Grand Prix,Australia,,1989/11/5 - 1989/11/5,,,Finished
1988,1,527,"Autódromo Internacional do Rio de Janeiro, Brazil",Brazil Grand Prix,Brazil,,1988/4/3 - 1988/4/3,,,Finished
1988,2,528,"Autodromo Internazionale Enzo e Dino Ferrari, San Marino",San Marino Grand Prix,San Marino,,1988/5/1 - 1988/5/1,,,Finished
1988,3,529,"Circuit de Monaco, Monaco",Monaco Grand Prix,Monaco,,1988/5/15 - 1988/5/15,,,Finished
1988,4,530,"Autódromo Hermanos Rodríguez, Mexico",Mexico Grand Prix,Mexico,,1988/5/29 - 1988/5/29,,,Finished
1988,5,531,"Circuit Gilles-Villeneuve, Canada",Canada Grand Prix,Canada,,1988/6/12 - 1988/6/12,,,Finished
1988,6,532,"Detroit Street Circuit, United States",Detroit Grand Prix,Detroit,,1988/6/19 - 1988/6/19,,,Finished
1988,7,533,"Circuit Paul Ricard, France",France Grand Prix,France,,1988/7/3 - 1988/7/3,,,Finished
1988,8,534,"Silverstone Circuit, Great Britain",Great Britain Grand Prix,Great Britain,,1988/7/10 - 1988/7/10,,,Finished
1988,9,535,"Hockenheimring, Germany",Germany Grand Prix,Germany,,1988/7/24 - 1988/7/24,,,Finished
1988,10,536,"Hungaroring, Hungary",Hungary Grand Prix,Hungary,,1988/8/7 - 1988/8/7,,,Finished
1988,11,537,"Circuit de Spa-Francorchamps, Belgium",Belgium Grand Prix,Belgium,,1988/8/28 - 1988/8/28,,,Finished
1988,12,538,"Autodromo Nazionale Monza, Italy",Italy Grand Prix,Italy,,1988/9/11 - 1988/9/11,,,Finished
1988,13,539,"Autódromo do Estoril, Portugal",Portugal Grand Prix,Portugal,,1988/9/25 - 1988/9/25,,,Finished
1988,14,540,"Circuito Permanente de Jerez, Spain",Spain Grand Prix,Spain,,1988/10/2 - 1988/10/2,,,Finished
1988,15,541,"Suzuka Circuit, Japan",Japan Grand Prix,Japan,,1988/10/30 - 1988/10/30,,,Finished
1988,16,542,"Adelaide Street Circuit, Australia",Australia Grand Prix,Australia,,1988/11/13 - 1988/11/13,,,Finished
1987,1,5,"Autódromo Internacional do Rio de Janeiro, Brazil",Brazil Grand Prix,Brazil,,1987/4/9 - 1987/4/12,,,Finished
1987,4,514,"Circuit de Monaco, Monaco",Monaco Grand Prix,Monaco,,1987/5/31 - 1987/5/31,,,Finished
1987,5,515,"Detroit Street Circuit, United States",Detroit Grand Prix,Detroit,,1987/6/21 - 1987/6/21,,,Finished
1987,6,516,"Circuit Paul Ricard, France",France Grand Prix,France,,1987/7/5 - 1987/7/5,,,Finished
1987,7,517,"Silverstone Circuit, Great Britain",Great Britain Grand Prix,Great Britain,,1987/7/12 - 1987/7/12,,,Finished
1987,8,518,"Hockenheimring, Germany",Germany Grand Prix,Germany,,1987/7/26 - 1987/7/26,,,Finished
1987,9,519,"Hungaroring, Hungary",Hungary Grand Prix,Hungary,,1987/8/9 - 1987/8/9,,,Finished
1987,10,520,"Red Bull Ring, Austria",Austria Grand Prix,Austria,,1987/8/16 - 1987/8/16,,,Finished
1987,11,521,"Autodromo Nazionale Monza, Italy",Italy Grand Prix,Italy,,1987/9/6 - 1987/9/6,,,Finished
1987,12,522,"Autódromo do Estoril, Portugal",Portugal Grand Prix,Portugal,,1987/9/20 - 1987/9/20,,,Finished
1987,13,523,"Circuito Permanente de Jerez, Spain",Spain Grand Prix,Spain,,1987/9/27 - 1987/9/27,,,Finished
1987,14,524,"Autódromo Hermanos Rodríguez, Mexico",Mexico Grand Prix,Mexico,,1987/10/18 - 1987/10/18,,,Finished
1987,15,525,"Suzuka Circuit, Japan",Japan Grand Prix,Japan,,1987/11/1 - 1987/11/1,,,Finished
1987,16,526,"Adelaide Street Circuit, Australia",Australia Grand Prix,Australia,,1987/11/15 - 1987/11/15,,,Finished
1987,2,6,"Autodromo Internazionale Enzo e Dino Ferrari, San Marino",San Marino Grand Prix,San Marino,,1987/5/1 - 1987/5/3,,,Finished
1987,3,7,"Circuit de Spa-Francorchamps, Belgium",Belgium Grand Prix,Belgium,,1987/5/15 - 1987/5/17,,,Finished
1986,1,498,"Autódromo Internacional do Rio de Janeiro, Brazil",Brazil Grand Prix,Brazil,,1986/3/23 - 1986/3/23,,,Finished
1986,2,499,"Circuito Permanente de Jerez, Spain",Spain Grand Prix,Spain,,1986/4/13 - 1986/4/13,,,Finished
1986,3,500,"Autodromo Internazionale Enzo e Dino Ferrari, San Marino",San Marino Grand Prix,San Marino,,1986/4/27 - 1986/4/27,,,Finished
1986,4,501,"Circuit de Monaco, Monaco",Monaco Grand Prix,Monaco,,1986/5/11 - 1986/5/11,,,Finished
1986,5,502,"Circuit de Spa-Francorchamps, Belgium",Belgium Grand Prix,Belgium,,1986/5/25 - 1986/5/25,,,Finished
1986,6,503,"Circuit Gilles-Villeneuve, Canada",Canada Grand Prix,Canada,,1986/6/15 - 1986/6/15,,,Finished
1986,7,504,"Detroit Street Circuit, United States",Detroit Grand Prix,Detroit,,1986/6/22 - 1986/6/22,,,Finished
1986,8,505,"Circuit Paul Ricard, France",France Grand Prix,France,,1986/7/6 - 1986/7/6,,,Finished
1986,9,506,"Brands Hatch Circuit, Great Britain",Great Britain Grand Prix,Great Britain,,1986/7/13 - 1986/7/13,,,Finished
1986,10,507,"Hockenheimring, Germany",Germany Grand Prix,Germany,,1986/7/27 - 1986/7/27,,,Finished
1986,11,508,"Hungaroring, Hungary",Hungary Grand Prix,Hungary,,1986/8/10 - 1986/8/10,,,Finished
1986,12,509,"Red Bull Ring, Austria",Austria Grand Prix,Austria,,1986/8/17 - 1986/8/17,,,Finished
1986,13,510,"Autodromo Nazionale Monza, Italy",Italy Grand Prix,Italy,,1986/9/7 - 1986/9/7,,,Finished
1986,14,511,"Autódromo do Estoril, Portugal",Portugal Grand Prix,Portugal,,1986/9/21 - 1986/9/21,,,Finished
1986,15,512,"Autódromo Hermanos Rodríguez, Mexico",Mexico Grand Prix,Mexico,,1986/10/12 - 1986/10/12,,,Finished
1986,16,513,"Adelaide Street Circuit, Australia",Australia Grand Prix,Australia,,1986/10/26 - 1986/10/26,,,Finished
1985,1,482,"Autódromo Internacional do Rio de Janeiro, Brazil",Brazil Grand Prix,Brazil,,1985/4/7 - 1985/4/7,,,Finished
1985,2,483,"Autódromo do Estoril, Portugal",Portugal Grand Prix,Portugal,,1985/4/21 - 1985/4/21,,,Finished
1985,3,484,"Autodromo Internazionale Enzo e Dino Ferrari, San Marino",San Marino Grand Prix,San Marino,,1985/5/5 - 1985/5/5,,,Finished
1985,4,485,"Circuit de Monaco, Monaco",Monaco Grand Prix,Monaco,,1985/5/19 - 1985/5/19,,,Finished
1985,5,486,"Circuit Gilles-Villeneuve, Canada",Canada Grand Prix,Canada,,1985/6/16 - 1985/6/16,,,Finished
1985,6,487,"Detroit Street Circuit, United States",Detroit Grand Prix,Detroit,,1985/6/23 - 1985/6/23,,,Finished
1985,7,488,"Circuit Paul Ricard, France",France Grand Prix,France,,1985/7/7 - 1985/7/7,,,Finished
1985,8,489,"Silverstone Circuit, Great Britain",Great Britain Grand Prix,Great Britain,,1985/7/21 - 1985/7/21,,,Finished
1985,9,490,"Nürburgring, Germany",Germany Grand Prix,Germany,,1985/8/4 - 1985/8/4,,,Finished
1985,10,491,"Red Bull Ring, Austria",Austria Grand Prix,Austria,,1985/8/18 - 1985/8/18,,,Finished
1985,11,492,"Circuit Zandvoort, Netherlands",Netherlands Grand Prix,Netherlands,,1985/8/25 - 1985/8/25,,,Finished
1985,12,493,"Autodromo Nazionale Monza, Italy",Italy Grand Prix,Italy,,1985/9/8 - 1985/9/8,,,Finished
1985,13,494,"Circuit de Spa-Francorchamps, Belgium",Belgium Grand Prix,Belgium,,1985/9/15 - 1985/9/15,,,Finished
1985,14,495,"Brands Hatch Circuit, Great Britain",Europe Grand Prix,Europe,,1985/10/6 - 1985/10/6,,,Finished
1985,15,496,"Kyalami Grand Prix Circuit, South Africa",South Africa Grand Prix,South Africa,,1985/10/19 - 1985/10/19,,,Finished
1985,16,497,"Adelaide Street Circuit, Australia",Australia Grand Prix,Australia,,1985/11/3 - 1985/11/3,,,Finished
1984,1,466,"Autódromo Internacional do Rio de Janeiro, Brazil",Brazil Grand Prix,Brazil,,1984/3/25 - 1984/3/25,,,Finished
1984,2,467,"Kyalami Grand Prix Circuit, South Africa",South Africa Grand Prix,South Africa,,1984/4/7 - 1984/4/7,,,Finished
1984,3,468,"Circuit Zolder, Belgium",Belgium Grand Prix,Belgium,,1984/4/29 - 1984/4/29,,,Finished
1984,4,469,"Autodromo Internazionale Enzo e Dino Ferrari, San Marino",San Marino Grand Prix,San Marino,,1984/5/6 - 1984/5/6,,,Finished
1984,5,470,"Circuit Dijon-Prenois, France",France Grand Prix,France,,1984/5/20 - 1984/5/20,,,Finished
1984,6,471,"Circuit de Monaco, Monaco",Monaco Grand Prix,Monaco,,1984/6/3 - 1984/6/3,,,Finished
1984,7,472,"Circuit Gilles-Villeneuve, Canada",Canada Grand Prix,Canada,,1984/6/17 - 1984/6/17,,,Finished
1984,8,473,"Detroit Street Circuit, United States",Detroit Grand Prix,Detroit,,1984/6/24 - 1984/6/24,,,Finished
1984,9,474,"Dallas Fair Park, United States",Dallas Grand Prix,Dallas,,1984/7/8 - 1984/7/8,,,Finished
1984,10,475,"Brands Hatch Circuit, Great Britain",Great Britain Grand Prix,Great Britain,,1984/7/22 - 1984/7/22,,,Finished
1984,11,476,"Hockenheimring, Germany",Germany Grand Prix,Germany,,1984/8/5 - 1984/8/5,,,Finished
1984,12,477,"Red Bull Ring, Austria",Austria Grand Prix,Austria,,1984/8/19 - 1984/8/19,,,Finished
1984,13,478,"Circuit Zandvoort, Netherlands",Netherlands Grand Prix,Netherlands,,1984/8/26 - 1984/8/26,,,Finished
1984,14,479,"Autodromo Nazionale Monza, Italy",Italy Grand Prix,Italy,,1984/9/9 - 1984/9/9,,,Finished
1984,15,480,"Nürburgring, Germany",Europe Grand Prix,Europe,,1984/10/7 - 1984/10/7,,,Finished
1984,16,481,"Autódromo do Estoril, Portugal",Portugal Grand Prix,Portugal,,1984/10/21 - 1984/10/21,,,Finished
1983,3,453,"Long Beach Street Circuit, United States",France Grand Prix,France,,1983/3/27 - 1983/3/27,,,Finished
1983,4,454,"Circuit Paul Ricard, France",San Marino Grand Prix,San Marino,,1983/4/17 - 1983/4/17,,,Finished
1983,5,455,"Autodromo Internazionale Enzo e Dino Ferrari, San Marino",Monaco Grand Prix,Monaco,,1983/5/1 - 1983/5/1,,,Finished
1983,6,456,"Circuit de Monaco, Monaco",Belgium Grand Prix,Belgium,,1983/5/15 - 1983/5/15,,,Finished
1983,7,457,"Circuit de Spa-Francorchamps, Belgium",Detroit Grand Prix,Detroit,,1983/5/22 - 1983/5/22,,,Finished
1983,8,458,"Circuit Gilles-Villeneuve, Canada",Canada Grand Prix,Canada,,1983/6/12 - 1983/6/12,,,Finished
1983,9,459,"Silverstone Circuit, Great Britain",Great Britain Grand Prix,Great Britain,,1983/7/16 - 1983/7/16,,,Finished
1983,10,460,"Hockenheimring, Germany",Germany Grand Prix,Germany,,1983/8/7 - 1983/8/7,,,Finished
1983,11,461,"Red Bull Ring, Austria",Austria Grand Prix,Austria,,1983/8/14 - 1983/8/14,,,Finished
1983,12,462,"Circuit Zandvoort, Netherlands",Netherlands Grand Prix,Netherlands,,1983/8/28 - 1983/8/28,,,Finished
1983,13,463,"Autodromo Nazionale Monza, Italy",Italy Grand Prix,Italy,,1983/9/11 - 1983/9/11,,,Finished
1983,14,464,"Brands Hatch Circuit, Great Britain",Europe Grand Prix,Europe,,1983/9/25 - 1983/9/25,,,Finished
1983,15,465,"Kyalami Grand Prix Circuit, South Africa",South Africa Grand Prix,South Africa,,1983/10/15 - 1983/10/15,,,Finished
1983,1,8,"Detroit Street Circuit, United States",Brazil Grand Prix,Brazil,,1983/6/5 - 1983/6/5,,,Finished
1983,2,9,"Autódromo Internacional do Rio de Janeiro, Brazil",USA West Grand Prix,USA West,,1983/3/11 - 1983/3/13,,,Finished
1982,1,437,"Kyalami Grand Prix Circuit, South Africa",South Africa Grand Prix,South Africa,,1982/1/23 - 1982/1/23,,,Finished
1982,2,438,"Autódromo Internacional do Rio de Janeiro, Brazil",Brazil Grand Prix,Brazil,,1982/3/21 - 1982/3/21,,,Finished
1982,3,439,"Long Beach Street Circuit, United States",USA West Grand Prix,USA West,,1982/4/4 - 1982/4/4,,,Finished
1982,4,440,"Autodromo Internazionale Enzo e Dino Ferrari, San Marino",San Marino Grand Prix,San Marino,,1982/4/25 - 1982/4/25,,,Finished
1982,5,441,"Circuit Zolder, Belgium",Belgium Grand Prix,Belgium,,1982/5/9 - 1982/5/9,,,Finished
1982,6,442,"Circuit de Monaco, Monaco",Monaco Grand Prix,Monaco,,1982/5/23 - 1982/5/23,,,Finished
1982,7,443,"Detroit Street Circuit, United States",Detroit Grand Prix,Detroit,,1982/6/6 - 1982/6/6,,,Finished
1982,8,444,"Circuit Gilles-Villeneuve, Canada",Canada Grand Prix,Canada,,1982/6/13 - 1982/6/13,,,Finished
1982,9,445,"Circuit Zandvoort, Netherlands",Netherlands Grand Prix,Netherlands,,1982/7/3 - 1982/7/3,,,Finished
1982,10,446,"Brands Hatch Circuit, Great Britain",Great Britain Grand Prix,Great Britain,,1982/7/18 - 1982/7/18,,,Finished
1982,11,447,"Circuit Paul Ricard, France",France Grand Prix,France,,1982/7/25 - 1982/7/25,,,Finished
1982,12,448,"Hockenheimring, Germany",Germany Grand Prix,Germany,,1982/8/8 - 1982/8/8,,,Finished
1982,13,449,"Red Bull Ring, Austria",Austria Grand Prix,Austria,,1982/8/15 - 1982/8/15,,,Finished
1982,14,450,"Circuit Dijon-Prenois, France",Switzerland Grand Prix,Switzerland,,1982/8/29 - 1982/8/29,,,Finished
1982,15,451,"Autodromo Nazionale Monza, Italy",Italy Grand Prix,Italy,,1982/9/12 - 1982/9/12,,,Finished
1982,16,452,"Caesars Palace, United States",Caesar's Palace Grand Prix,Caesar's Palace,,1982/9/25 - 1982/9/25,,,Finished
1981,1,422,"Long Beach Street Circuit, United States",USA West Grand Prix,USA West,,1981/3/15 - 1981/3/15,,,Finished
1981,2,423,"Autódromo Internacional do Rio de Janeiro, Brazil",Brazil Grand Prix,Brazil,,1981/3/29 - 1981/3/29,,,Finished
1981,3,424,"Autódromo Juan y Oscar Gálvez, Argentina",Argentina Grand Prix,Argentina,,1981/4/12 - 1981/4/12,,,Finished
1981,4,425,"Autodromo Internazionale Enzo e Dino Ferrari, San Marino",San Marino Grand Prix,San Marino,,1981/5/3 - 1981/5/3,,,Finished
1981,5,426,"Circuit Zolder, Belgium",Belgium Grand Prix,Belgium,,1981/5/17 - 1981/5/17,,,Finished
1981,6,427,"Circuit de Monaco, Monaco",Monaco Grand Prix,Monaco,,1981/5/31 - 1981/5/31,,,Finished
1981,7,428,"Circuito Permanente del Jarama, Spain",Spain Grand Prix,Spain,,1981/6/21 - 1981/6/21,,,Finished
1981,8,429,"Circuit Dijon-Prenois, France",France Grand Prix,France,,1981/7/5 - 1981/7/5,,,Finished
1981,9,430,"Silverstone Circuit, Great Britain",Great Britain Grand Prix,Great Britain,,1981/7/18 - 1981/7/18,,,Finished
1981,10,431,"Hockenheimring, Germany",Germany Grand Prix,Germany,,1981/8/2 - 1981/8/2,,,Finished
1981,11,432,"Red Bull Ring, Austria",Austria Grand Prix,Austria,,1981/8/16 - 1981/8/16,,,Finished
1981,12,433,"Circuit Zandvoort, Netherlands",Netherlands Grand Prix,Netherlands,,1981/8/30 - 1981/8/30,,,Finished
1981,13,434,"Autodromo Nazionale Monza, Italy",Italy Grand Prix,Italy,,1981/9/13 - 1981/9/13,,,Finished
1981,14,435,"Circuit Gilles-Villeneuve, Canada",Canada Grand Prix,Canada,,1981/9/27 - 1981/9/27,,,Finished
1981,15,436,"Caesars Palace, United States",Caesar's Palace Grand Prix,Caesar's Palace,,1981/10/17 - 1981/10/17,,,Finished
1980,1,80,"Autódromo Juan y Oscar Gálvez, Argentina",Argentina Grand Prix,Argentina,,1980/1/13 - 1980/1/13,,,Finished
1980,2,81,"Autódromo José Carlos Pace, Brazil",Brazil Grand Prix,Brazil,,1980/1/27 - 1980/1/27,,,Finished
1980,3,82,"Kyalami Grand Prix Circuit, South Africa",South Africa Grand Prix,South Africa,,1980/3/1 - 1980/3/1,,,Finished
1980,4,83,"Long Beach Street Circuit, United States",USA West Grand Prix,USA West,,1980/3/30 - 1980/3/30,,,Finished
1980,5,84,"Circuit Zolder, Belgium",Belgium Grand Prix,Belgium,,1980/5/4 - 1980/5/4,,,Finished
1980,6,85,"Circuit de Monaco, Monaco",Monaco Grand Prix,Monaco,,1980/5/18 - 1980/5/18,,,Finished
1980,7,86,"Circuit Paul Ricard, France",France Grand Prix,France,,1980/6/29 - 1980/6/29,,,Finished
1980,8,87,"Silverstone Circuit, Great Britain",Great Britain Grand Prix,Great Britain,,1980/7/13 - 1980/7/13,,,Finished
1980,9,88,"Hockenheimring, Germany",Germany Grand Prix,Germany,,1980/8/10 - 1980/8/10,,,Finished
1980,10,89,"Red Bull Ring, Austria",Austria Grand Prix,Austria,,1980/8/17 - 1980/8/17,,,Finished
1980,11,90,"Circuit Zandvoort, Netherlands",Netherlands Grand Prix,Netherlands,,1980/8/31 - 1980/8/31,,,Finished
1980,12,91,"Autodromo Internazionale Enzo e Dino Ferrari, Italy",Italy Grand Prix,Italy,,1980/9/14 - 1980/9/14,,,Finished
1980,13,92,"Circuit Gilles-Villeneuve, Canada",Canada Grand Prix,Canada,,1980/9/28 - 1980/9/28,,,Finished
1980,14,93,"Watkins Glen International, United States",USA East Grand Prix,USA East,,1980/10/5 - 1980/10/5,,,Finished
1979,1,407,"Autódromo Juan y Oscar Gálvez, Argentina",Argentina Grand Prix,Argentina,,1979/1/21 - 1979/1/21,,,Finished
1979,2,408,"Autódromo José Carlos Pace, Brazil",Brazil Grand Prix,Brazil,,1979/2/4 - 1979/2/4,,,Finished
1979,3,409,"Kyalami Grand Prix Circuit, South Africa",South Africa Grand Prix,South Africa,,1979/3/3 - 1979/3/3,,,Finished
1979,4,410,"Long Beach Street Circuit, United States",USA West Grand Prix,USA West,,1979/4/8 - 1979/4/8,,,Finished
1979,5,411,"Circuito Permanente del Jarama, Spain",Spain Grand Prix,Spain,,1979/4/29 - 1979/4/29,,,Finished
1979,6,412,"Circuit Zolder, Belgium",Belgium Grand Prix,Belgium,,1979/5/13 - 1979/5/13,,,Finished
1979,7,413,"Circuit de Monaco, Monaco",Monaco Grand Prix,Monaco,,1979/5/27 - 1979/5/27,,,Finished
1979,8,414,"Circuit Dijon-Prenois, France",France Grand Prix,France,,1979/7/1 - 1979/7/1,,,Finished
1979,9,415,"Silverstone Circuit, Great Britain",Great Britain Grand Prix,Great Britain,,1979/7/14 - 1979/7/14,,,Finished
1979,10,416,"Hockenheimring, Germany",Germany Grand Prix,Germany,,1979/7/29 - 1979/7/29,,,Finished
1979,11,417,"Red Bull Ring, Austria",Austria Grand Prix,Austria,,1979/8/12 - 1979/8/12,,,Finished
1979,12,418,"Circuit Zandvoort, Netherlands",Netherlands Grand Prix,Netherlands,,1979/8/26 - 1979/8/26,,,Finished
1979,13,419,"Autodromo Nazionale Monza, Italy",Italy Grand Prix,Italy,,1979/9/9 - 1979/9/9,,,Finished
1979,14,420,"Circuit Gilles-Villeneuve, Canada",Canada Grand Prix,Canada,,1979/9/30 - 1979/9/30,,,Finished
1979,15,421,"Watkins Glen International, United States",USA East Grand Prix,USA East,,1979/10/7 - 1979/10/7,,,Finished
1978,1,391,"Autódromo Juan y Oscar Gálvez, Argentina",Argentina Grand Prix,Argentina,,1978/1/15 - 1978/1/15,,,Finished
1978,2,392,"Autódromo Internacional do Rio de Janeiro, Brazil",Brazil Grand Prix,Brazil,,1978/1/29 - 1978/1/29,,,Finished
1978,3,393,"Kyalami Grand Prix Circuit, South Africa",South Africa Grand Prix,South Africa,,1978/3/4 - 1978/3/4,,,Finished
1978,4,394,"Long Beach Street Circuit, United States",USA West Grand Prix,USA West,,1978/4/2 - 1978/4/2,,,Finished
1978,5,395,"Circuit de Monaco, Monaco",Monaco Grand Prix,Monaco,,1978/5/7 - 1978/5/7,,,Finished
1978,6,396,"Circuit Zolder, Belgium",Belgium Grand Prix,Belgium,,1978/5/21 - 1978/5/21,,,Finished
1978,7,397,"Circuito Permanente del Jarama, Spain",Spain Grand Prix,Spain,,1978/6/4 - 1978/6/4,,,Finished
1978,8,398,"Scandinavian Raceway, Sweden",Sweden Grand Prix,Sweden,,1978/6/17 - 1978/6/17,,,Finished
1978,9,399,"Circuit Paul Ricard, France",France Grand Prix,France,,1978/7/2 - 1978/7/2,,,Finished
1978,10,400,"Brands Hatch Circuit, Great Britain",Great Britain Grand Prix,Great Britain,,1978/7/16 - 1978/7/16,,,Finished
1978,11,401,"Hockenheimring, Germany",Germany Grand Prix,Germany,,1978/7/30 - 1978/7/30,,,Finished
1978,12,402,"Red Bull Ring, Austria",Austria Grand Prix,Austria,,1978/8/13 - 1978/8/13,,,Finished
1978,13,403,"Circuit Zandvoort, Netherlands",Netherlands Grand Prix,Netherlands,,1978/8/27 - 1978/8/27,,,Finished
1978,14,404,"Autodromo Nazionale Monza, Italy",Italy Grand Prix,Italy,,1978/9/10 - 1978/9/10,,,Finished
1978,15,405,"Watkins Glen International, United States",USA East Grand Prix,USA East,,1978/10/1 - 1978/10/1,,,Finished
1978,16,406,"Circuit Gilles-Villeneuve, Canada",Canada Grand Prix,Canada,,1978/10/8 - 1978/10/8,,,Finished
1977,1,374,"Autódromo Juan y Oscar Gálvez, Argentina",Argentina Grand Prix,Argentina,,1977/1/9 - 1977/1/9,,,Finished
1977,2,375,"Autódromo José Carlos Pace, Brazil",Brazil Grand Prix,Brazil,,1977/1/23 - 1977/1/23,,,Finished
1977,3,376,"Kyalami Grand Prix Circuit, South Africa",South Africa Grand Prix,South Africa,,1977/3/5 - 1977/3/5,,,Finished
1977,4,377,"Long Beach Street Circuit, United States",USA West Grand Prix,USA West,,1977/4/3 - 1977/4/3,,,Finished
1977,5,378,"Circuito Permanente del Jarama, Spain",Spain Grand Prix,Spain,,1977/5/8 - 1977/5/8,,,Finished
1977,6,379,"Circuit de Monaco, Monaco",Monaco Grand Prix,Monaco,,1977/5/22 - 1977/5/22,,,Finished
1977,7,380,"Circuit Zolder, Belgium",Belgium Grand Prix,Belgium,,1977/6/5 - 1977/6/5,,,Finished
1977,8,381,"Scandinavian Raceway, Sweden",Sweden Grand Prix,Sweden,,1977/6/19 - 1977/6/19,,,Finished
1977,9,382,"Circuit Dijon-Prenois, France",France Grand Prix,France,,1977/7/3 - 1977/7/3,,,Finished
1977,10,383,"Silverstone Circuit, Great Britain",Great Britain Grand Prix,Great Britain,,1977/7/16 - 1977/7/16,,,Finished
1977,11,384,"Hockenheimring, Germany",Germany Grand Prix,Germany,,1977/7/31 - 1977/7/31,,,Finished
1977,12,385,"Red Bull Ring, Austria",Austria Grand Prix,Austria,,1977/8/14 - 1977/8/14,,,Finished
1977,13,386,"Circuit Zandvoort, Netherlands",Netherlands Grand Prix,Netherlands,,1977/8/28 - 1977/8/28,,,Finished
1977,14,387,"Autodromo Nazionale Monza, Italy",Italy Grand Prix,Italy,,1977/9/11 - 1977/9/11,,,Finished
1977,15,388,"Watkins Glen International, United States",USA East Grand Prix,USA East,,1977/10/2 - 1977/10/2,,,Finished
1977,16,389,"Mosport International Raceway, Canada",Canada Grand Prix,Canada,,1977/10/9 - 1977/10/9,,,Finished
1977,17,390,"Fuji Speedway, Japan",Japan Grand Prix,Japan,,1977/10/23 - 1977/10/23,,,Finished
1976,1,358,"Autódromo José Carlos Pace, Brazil",Brazil Grand Prix,Brazil,,1976/1/25 - 1976/1/25,,,Finished
1976,2,359,"Kyalami Grand Prix Circuit, South Africa",South Africa Grand Prix,South Africa,,1976/3/6 - 1976/3/6,,,Finished
1976,3,360,"Long Beach Street Circuit, United States",USA West Grand Prix,USA West,,1976/3/28 - 1976/3/28,,,Finished
1976,4,361,"Circuito Permanente del Jarama, Spain",Spain Grand Prix,Spain,,1976/5/2 - 1976/5/2,,,Finished
1976,5,362,"Circuit Zolder, Belgium",Belgium Grand Prix,Belgium,,1976/5/16 - 1976/5/16,,,Finished
1976,6,363,"Circuit de Monaco, Monaco",Monaco Grand Prix,Monaco,,1976/5/30 - 1976/5/30,,,Finished
1976,7,364,"Scandinavian Raceway, Sweden",Sweden Grand Prix,Sweden,,1976/6/13 - 1976/6/13,,,Finished
1976,8,365,"Circuit Paul Ricard, France",France Grand Prix,France,,1976/7/4 - 1976/7/4,,,Finished
1976,9,366,"Brands Hatch Circuit, Great Britain",Great Britain Grand Prix,Great Britain,,1976/7/18 - 1976/7/18,,,Finished
1976,10,367,"Nürburgring, Germany",Germany Grand Prix,Germany,,1976/8/1 - 1976/8/1,,,Finished
1976,11,368,"Red Bull Ring, Austria",Austria Grand Prix,Austria,,1976/8/15 - 1976/8/15,,,Finished
1976,12,369,"Circuit Zandvoort, Netherlands",Netherlands Grand Prix,Netherlands,,1976/8/29 - 1976/8/29,,,Finished
1976,13,370,"Autodromo Nazionale Monza, Italy",Italy Grand Prix,Italy,,1976/9/12 - 1976/9/12,,,Finished
1976,14,371,"Mosport International Raceway, Canada",Canada Grand Prix,Canada,,1976/10/3 - 1976/10/3,,,Finished
1976,15,372,"Watkins Glen International, United States",USA East Grand Prix,USA East,,1976/10/10 - 1976/10/10,,,Finished
1976,16,373,"Fuji Speedway, Japan",Japan Grand Prix,Japan,,1976/10/24 - 1976/10/24,,,Finished
1975,1,344,"Autódromo Juan y Oscar Gálvez, Argentina",Argentina Grand Prix,Argentina,,1975/1/12 - 1975/1/12,,,Finished
1975,2,345,"Autódromo José Carlos Pace, Brazil",Brazil Grand Prix,Brazil,,1975/1/26 - 1975/1/26,,,Finished
1975,3,346,"Kyalami Grand Prix Circuit, South Africa",South Africa Grand Prix,South Africa,,1975/3/1 - 1975/3/1,,,Finished
1975,4,347,"Montjuïc Circuit, Spain",Spain Grand Prix,Spain,,1975/4/27 - 1975/4/27,,,Finished
1975,5,348,"Circuit de Monaco, Monaco",Monaco Grand Prix,Monaco,,1975/5/11 - 1975/5/11,,,Finished
1975,6,349,"Circuit Zolder, Belgium",Belgium Grand Prix,Belgium,,1975/5/25 - 1975/5/25,,,Finished
1975,7,350,"Scandinavian Raceway, Sweden",Sweden Grand Prix,Sweden,,1975/6/8 - 1975/6/8,,,Finished
1975,8,351,"Circuit Zandvoort, Netherlands",Netherlands Grand Prix,Netherlands,,1975/6/22 - 1975/6/22,,,Finished
1975,9,352,"Circuit Paul Ricard, France",France Grand Prix,France,,1975/7/6 - 1975/7/6,,,Finished
1975,10,353,"Silverstone Circuit, Great Britain",Great Britain Grand Prix,Great Britain,,1975/7/19 - 1975/7/19,,,Finished
1975,11,354,"Nürburgring, Germany",Germany Grand Prix,Germany,,1975/8/3 - 1975/8/3,,,Finished
1975,12,355,"Red Bull Ring, Austria",Austria Grand Prix,Austria,,1975/8/17 - 1975/8/17,,,Finished
1975,13,356,"Autodromo Nazionale Monza, Italy",Italy Grand Prix,Italy,,1975/9/7 - 1975/9/7,,,Finished
1975,14,357,"Watkins Glen International, United States",United States Grand Prix,United States,,1975/10/5 - 1975/10/5,,,Finished
1974,1,329,"Autódromo Juan y Oscar Gálvez, Argentina",Argentina Grand Prix,Argentina,,1974/1/13 - 1974/1/13,,,Finished
1974,2,330,"Autódromo José Carlos Pace, Brazil",Brazil Grand Prix,Brazil,,1974/1/27 - 1974/1/27,,,Finished
1974,3,331,"Kyalami Grand Prix Circuit, South Africa",South Africa Grand Prix,South Africa,,1974/3/30 - 1974/3/30,,,Finished
1974,4,332,"Circuito Permanente del Jarama, Spain",Spain Grand Prix,Spain,,1974/4/28 - 1974/4/28,,,Finished
1974,5,333,"Complexe Européen de Nivelles-Baulers, Belgium",Belgium Grand Prix,Belgium,,1974/5/12 - 1974/5/12,,,Finished
1974,6,334,"Circuit de Monaco, Monaco",Monaco Grand Prix,Monaco,,1974/5/26 - 1974/5/26,,,Finished
1974,7,335,"Scandinavian Raceway, Sweden",Sweden Grand Prix,Sweden,,1974/6/9 - 1974/6/9,,,Finished
1974,8,336,"Circuit Zandvoort, Netherlands",Netherlands Grand Prix,Netherlands,,1974/6/23 - 1974/6/23,,,Finished
1974,9,337,"Circuit Dijon-Prenois, France",France Grand Prix,France,,1974/7/7 - 1974/7/7,,,Finished
1974,10,338,"Brands Hatch Circuit, Great Britain",Great Britain Grand Prix,Great Britain,,1974/7/20 - 1974/7/20,,,Finished
1974,11,339,"Nürburgring, Germany",Germany Grand Prix,Germany,,1974/8/4 - 1974/8/4,,,Finished
1974,12,340,"Red Bull Ring, Austria",Austria Grand Prix,Austria,,1974/8/18 - 1974/8/18,,,Finished
1974,13,341,"Autodromo Nazionale Monza, Italy",Italy Grand Prix,Italy,,1974/9/8 - 1974/9/8,,,Finished
1974,14,342,"Mosport International Raceway, Canada",Canada Grand Prix,Canada,,1974/9/22 - 1974/9/22,,,Finished
1974,15,343,"Watkins Glen International, United States",United States Grand Prix,United States,,1974/10/6 - 1974/10/6,,,Finished
1973,1,314,"Autódromo Juan y Oscar Gálvez, Argentina",Argentina Grand Prix,Argentina,,1973/1/28 - 1973/1/28,,,Finished
1973,2,315,"Autódromo José Carlos Pace, Brazil",Brazil Grand Prix,Brazil,,1973/2/11 - 1973/2/11,,,Finished
1973,3,316,"Kyalami Grand Prix Circuit, South Africa",South Africa Grand Prix,South Africa,,1973/3/3 - 1973/3/3,,,Finished
1973,4,317,"Montjuïc Circuit, Spain",Spain Grand Prix,Spain,,1973/4/29 - 1973/4/29,,,Finished
1973,5,318,"Circuit Zolder, Belgium",Belgium Grand Prix,Belgium,,1973/5/20 - 1973/5/20,,,Finished
1973,6,319,"Circuit de Monaco, Monaco",Monaco Grand Prix,Monaco,,1973/6/3 - 1973/6/3,,,Finished
1973,7,320,"Scandinavian Raceway, Sweden",Sweden Grand Prix,Sweden,,1973/6/17 - 1973/6/17,,,Finished
1973,8,321,"Circuit Paul Ricard, France",France Grand Prix,France,,1973/7/1 - 1973/7/1,,,Finished
1973,9,322,"Silverstone Circuit, Great Britain",Great Britain Grand Prix,Great Britain,,1973/7/14 - 1973/7/14,,,Finished
1973,10,323,"Circuit Zandvoort, Netherlands",Netherlands Grand Prix,Netherlands,,1973/7/29 - 1973/7/29,,,Finished
1973,11,324,"Nürburgring, Germany",Germany Grand Prix,Germany,,1973/8/5 - 1973/8/5,,,Finished
1973,12,325,"Red Bull Ring, Austria",Austria Grand Prix,Austria,,1973/8/19 - 1973/8/19,,,Finished
1973,13,326,"Autodromo Nazionale Monza, Italy",Italy Grand Prix,Italy,,1973/9/9 - 1973/9/9,,,Finished
1973,14,327,"Mosport International Raceway, Canada",Canada Grand Prix,Canada,,1973/9/23 - 1973/9/23,,,Finished
1973,15,328,"Watkins Glen International, United States",United States Grand Prix,United States,,1973/10/7 - 1973/10/7,,,Finished
1972,1,302,"Autódromo Juan y Oscar Gálvez, Argentina",Argentina Grand Prix,Argentina,,1972/1/23 - 1972/1/23,,,Finished
1972,2,303,"Kyalami Grand Prix Circuit, South Africa",South Africa Grand Prix,South Africa,,1972/3/4 - 1972/3/4,,,Finished
1972,3,304,"Circuito Permanente del Jarama, Spain",Spain Grand Prix,Spain,,1972/5/1 - 1972/5/1,,,Finished
1972,4,305,"Circuit de Monaco, Monaco",Monaco Grand Prix,Monaco,,1972/5/14 - 1972/5/14,,,Finished
1972,5,306,"Complexe Européen de Nivelles-Baulers, Belgium",Belgium Grand Prix,Belgium,,1972/6/4 - 1972/6/4,,,Finished
1972,6,307,"Charade Circuit, France",France Grand Prix,France,,1972/7/2 - 1972/7/2,,,Finished
1972,7,308,"Brands Hatch Circuit, Great Britain",Great Britain Grand Prix,Great Britain,,1972/7/15 - 1972/7/15,,,Finished
1972,8,309,"Nürburgring, Germany",Germany Grand Prix,Germany,,1972/7/30 - 1972/7/30,,,Finished
1972,9,310,"Red Bull Ring, Austria",Austria Grand Prix,Austria,,1972/8/13 - 1972/8/13,,,Finished
1972,10,311,"Autodromo Nazionale Monza, Italy",Italy Grand Prix,Italy,,1972/9/10 - 1972/9/10,,,Finished
1972,11,312,"Mosport International Raceway, Canada",Canada Grand Prix,Canada,,1972/9/24 - 1972/9/24,,,Finished
1972,12,313,"Watkins Glen International, United States",United States Grand Prix,United States,,1972/10/8 - 1972/10/8,,,Finished
1971,1,291,"Kyalami Grand Prix Circuit, South Africa",South Africa Grand Prix,South Africa,,1971/3/6 - 1971/3/6,,,Finished
1971,2,292,"Montjuïc Circuit, Spain",Spain Grand Prix,Spain,,1971/4/18 - 1971/4/18,,,Finished
1971,3,293,"Circuit de Monaco, Monaco",Monaco Grand Prix,Monaco,,1971/5/23 - 1971/5/23,,,Finished
1971,4,294,"Circuit Zandvoort, Netherlands",Netherlands Grand Prix,Netherlands,,1971/6/20 - 1971/6/20,,,Finished
1971,5,295,"Circuit Paul Ricard, France",France Grand Prix,France,,1971/7/4 - 1971/7/4,,,Finished
1971,6,296,"Silverstone Circuit, Great Britain",Great Britain Grand Prix,Great Britain,,1971/7/17 - 1971/7/17,,,Finished
1971,7,297,"Nürburgring, Germany",Germany Grand Prix,Germany,,1971/8/1 - 1971/8/1,,,Finished
1971,8,298,"Red Bull Ring, Austria",Austria Grand Prix,Austria,,1971/8/15 - 1971/8/15,,,Finished
1971,9,299,"Autodromo Nazionale Monza, Italy",Italy Grand Prix,Italy,,1971/9/5 - 1971/9/5,,,Finished
1971,10,300,"Mosport International Raceway, Canada",Canada Grand Prix,Canada,,1971/9/19 - 1971/9/19,,,Finished
1971,11,301,"Watkins Glen International, United States",United States Grand Prix,United States,,1971/10/3 - 1971/10/3,,,Finished
1970,1,278,"Kyalami Grand Prix Circuit, South Africa",South Africa Grand Prix,South Africa,,1970/3/7 - 1970/3/7,,,Finished
1970,2,279,"Circuito Permanente del Jarama, Spain",Spain Grand Prix,Spain,,1970/4/19 - 1970/4/19,,,Finished
1970,3,280,"Circuit de Monaco, Monaco",Monaco Grand Prix,Monaco,,1970/5/10 - 1970/5/10,,,Finished
1970,4,281,"Circuit de Spa-Francorchamps, Belgium",Belgium Grand Prix,Belgium,,1970/6/7 - 1970/6/7,,,Finished
1970,5,282,"Circuit Zandvoort, Netherlands",Netherlands Grand Prix,Netherlands,,1970/6/21 - 1970/6/21,,,Finished
1970,6,283,"Charade Circuit, France",France Grand Prix,France,,1970/7/5 - 1970/7/5,,,Finished
1970,7,284,"Brands Hatch Circuit, Great Britain",Great Britain Grand Prix,Great Britain,,1970/7/18 - 1970/7/18,,,Finished
1970,8,285,"Hockenheimring, Germany",Germany Grand Prix,Germany,,1970/8/2 - 1970/8/2,,,Finished
1970,9,286,"Red Bull Ring, Austria",Austria Grand Prix,Austria,,1970/8/16 - 1970/8/16,,,Finished
1970,10,287,"Autodromo Nazionale Monza, Italy",Italy Grand Prix,Italy,,1970/9/6 - 1970/9/6,,,Finished
1970,11,288,"Mont-Tremblant, Canada",Canada Grand Prix,Canada,,1970/9/20 - 1970/9/20,,,Finished
1970,12,289,"Watkins Glen International, United States",United States Grand Prix,United States,,1970/10/4 - 1970/10/4,,,Finished
1970,13,290,"Autódromo Hermanos Rodríguez, Mexico",Mexico Grand Prix,Mexico,,1970/10/25 - 1970/10/25,,,Finished
1969,1,267,"Kyalami Grand Prix Circuit, South Africa",South Africa Grand Prix,South Africa,,1969/3/1 - 1969/3/1,,,Finished
1969,2,268,"Montjuïc Circuit, Spain",Spain Grand Prix,Spain,,1969/5/4 - 1969/5/4,,,Finished
1969,3,269,"Circuit de Monaco, Monaco",Monaco Grand Prix,Monaco,,1969/5/18 - 1969/5/18,,,Finished
1969,4,270,"Circuit Zandvoort, Netherlands",Netherlands Grand Prix,Netherlands,,1969/6/21 - 1969/6/21,,,Finished
1969,5,271,"Charade Circuit, France",France Grand Prix,France,,1969/7/6 - 1969/7/6,,,Finished
1969,6,272,"Silverstone Circuit, Great Britain",Great Britain Grand Prix,Great Britain,,1969/7/19 - 1969/7/19,,,Finished
1969,7,273,"Nürburgring, Germany",Germany Grand Prix,Germany,,1969/8/3 - 1969/8/3,,,Finished
1969,8,274,"Autodromo Nazionale Monza, Italy",Italy Grand Prix,Italy,,1969/9/7 - 1969/9/7,,,Finished
1969,9,275,"Mosport International Raceway, Canada",Canada Grand Prix,Canada,,1969/9/20 - 1969/9/20,,,Finished
1969,10,276,"Watkins Glen International, United States",United States Grand Prix,United States,,1969/10/5 - 1969/10/5,,,Finished
1969,11,277,"Autódromo Hermanos Rodríguez, Mexico",Mexico Grand Prix,Mexico,,1969/10/19 - 1969/10/19,,,Finished
1968,1,255,"Kyalami Grand Prix Circuit, South Africa",South Africa Grand Prix,South Africa,,1968/1/1 - 1968/1/1,,,Finished
1968,2,256,"Circuito Permanente del Jarama, Spain",Spain Grand Prix,Spain,,1968/5/12 - 1968/5/12,,,Finished
1968,3,257,"Circuit de Monaco, Monaco",Monaco Grand Prix,Monaco,,1968/5/26 - 1968/5/26,,,Finished
1968,4,258,"Circuit de Spa-Francorchamps, Belgium",Belgium Grand Prix,Belgium,,1968/6/9 - 1968/6/9,,,Finished
1968,5,259,"Circuit Zandvoort, Netherlands",Netherlands Grand Prix,Netherlands,,1968/6/23 - 1968/6/23,,,Finished
1968,6,260,"Rouen les Essarts, France",France Grand Prix,France,,1968/7/7 - 1968/7/7,,,Finished
1968,7,261,"Brands Hatch Circuit, Great Britain",Great Britain Grand Prix,Great Britain,,1968/7/20 - 1968/7/20,,,Finished
1968,8,262,"Nürburgring, Germany",Germany Grand Prix,Germany,,1968/8/4 - 1968/8/4,,,Finished
1968,9,263,"Autodromo Nazionale Monza, Italy",Italy Grand Prix,Italy,,1968/9/8 - 1968/9/8,,,Finished
1968,10,264,"Mont-Tremblant, Canada",Canada Grand Prix,Canada,,1968/9/22 - 1968/9/22,,,Finished
1968,11,265,"Watkins Glen International, United States",United States Grand Prix,United States,,1968/10/6 - 1968/10/6,,,Finished
1968,12,266,"Autódromo Hermanos Rodríguez, Mexico",Mexico Grand Prix,Mexico,,1968/11/3 - 1968/11/3,,,Finished
1967,1,244,"Kyalami Grand Prix Circuit, South Africa",South Africa Grand Prix,South Africa,,1967/1/2 - 1967/1/2,,,Finished
1967,2,245,"Circuit de Monaco, Monaco",Monaco Grand Prix,Monaco,,1967/5/7 - 1967/5/7,,,Finished
1967,3,246,"Circuit Zandvoort, Netherlands",Netherlands Grand Prix,Netherlands,,1967/6/4 - 1967/6/4,,,Finished
1967,4,247,"Circuit de Spa-Francorchamps, Belgium",Belgium Grand Prix,Belgium,,1967/6/18 - 1967/6/18,,,Finished
1967,5,248,"Bugatti Au Mans, France",France Grand Prix,France,,1967/7/2 - 1967/7/2,,,Finished
1967,6,249,"Silverstone Circuit, Great Britain",Great Britain Grand Prix,Great Britain,,1967/7/15 - 1967/7/15,,,Finished
1967,7,250,"Nürburgring, Germany",Germany Grand Prix,Germany,,1967/8/6 - 1967/8/6,,,Finished
1967,8,251,"Mosport International Raceway, Canada",Canada Grand Prix,Canada,,1967/8/27 - 1967/8/27,,,Finished
1967,9,252,"Autodromo Nazionale Monza, Italy",Italy Grand Prix,Italy,,1967/9/10 - 1967/9/10,,,Finished
1967,10,253,"Watkins Glen International, United States",United States Grand Prix,United States,,1967/10/1 - 1967/10/1,,,Finished
1967,11,254,"Autódromo Hermanos Rodríguez, Mexico",Mexico Grand Prix,Mexico,,1967/10/22 - 1967/10/22,,,Finished
1966,1,235,"Circuit de Monaco, Monaco",Monaco Grand Prix,Monaco,,1966/5/22 - 1966/5/22,,,Finished
1966,2,236,"Circuit de Spa-Francorchamps, Belgium",Belgium Grand Prix,Belgium,,1966/6/12 - 1966/6/12,,,Finished
1966,3,237,"Circuit de Reims-Gueux, France",France Grand Prix,France,,1966/7/3 - 1966/7/3,,,Finished
1966,4,238,"Brands Hatch Circuit, Great Britain",Great Britain Grand Prix,Great Britain,,1966/7/16 - 1966/7/16,,,Finished
1966,5,239,"Circuit Zandvoort, Netherlands",Netherlands Grand Prix,Netherlands,,1966/7/24 - 1966/7/24,,,Finished
1966,6,240,"Nürburgring, Germany",Germany Grand Prix,Germany,,1966/8/7 - 1966/8/7,,,Finished
1966,7,241,"Autodromo Nazionale Monza, Italy",Italy Grand Prix,Italy,,1966/9/4 - 1966/9/4,,,Finished
1966,8,242,"Watkins Glen International, United States",United States Grand Prix,United States,,1966/10/2 - 1966/10/2,,,Finished
1966,9,243,"Autódromo Hermanos Rodríguez, Mexico",Mexico Grand Prix,Mexico,,1966/10/23 - 1966/10/23,,,Finished
1965,1,225,"Prince George Circuit, South Africa",South Africa Grand Prix,South Africa,,1965/1/1 - 1965/1/1,,,Finished
1965,2,226,"Circuit de Monaco, Monaco",Monaco Grand Prix,Monaco,,1965/5/30 - 1965/5/30,,,Finished
1965,3,227,"Circuit de Spa-Francorchamps, Belgium",Belgium Grand Prix,Belgium,,1965/6/13 - 1965/6/13,,,Finished
1965,4,228,"Charade Circuit, France",France Grand Prix,France,,1965/6/27 - 1965/6/27,,,Finished
1965,5,229,"Silverstone Circuit, Great Britain",Great Britain Grand Prix,Great Britain,,1965/7/10 - 1965/7/10,,,Finished
1965,6,230,"Circuit Zandvoort, Netherlands",Netherlands Grand Prix,Netherlands,,1965/7/18 - 1965/7/18,,,Finished
1965,7,231,"Nürburgring, Germany",Germany Grand Prix,Germany,,1965/8/1 - 1965/8/1,,,Finished
1965,8,232,"Autodromo Nazionale Monza, Italy",Italy Grand Prix,Italy,,1965/9/12 - 1965/9/12,,,Finished
1965,9,233,"Watkins Glen International, United States",United States Grand Prix,United States,,1965/10/3 - 1965/10/3,,,Finished
1965,10,234,"Autódromo Hermanos Rodríguez, Mexico",Mexico Grand Prix,Mexico,,1965/10/24 - 1965/10/24,,,Finished
1964,1,215,"Circuit de Monaco, Monaco",Monaco Grand Prix,Monaco,,1964/5/10 - 1964/5/10,,,Finished
1964,2,216,"Circuit Zandvoort, Netherlands",Netherlands Grand Prix,Netherlands,,1964/5/24 - 1964/5/24,,,Finished
1964,3,217,"Circuit de Spa-Francorchamps, Belgium",Belgium Grand Prix,Belgium,,1964/6/14 - 1964/6/14,,,Finished
1964,4,218,"Rouen les Essarts, France",France Grand Prix,France,,1964/6/28 - 1964/6/28,,,Finished
1964,5,219,"Brands Hatch Circuit, Great Britain",Great Britain Grand Prix,Great Britain,,1964/7/11 - 1964/7/11,,,Finished
1964,6,220,"Nürburgring, Germany",Germany Grand Prix,Germany,,1964/8/2 - 1964/8/2,,,Finished
1964,7,221,"Zeltweg Airfield, Austria",Austria Grand Prix,Austria,,1964/8/23 - 1964/8/23,,,Finished
1964,8,222,"Autodromo Nazionale Monza, Italy",Italy Grand Prix,Italy,,1964/9/6 - 1964/9/6,,,Finished
1964,9,223,"Watkins Glen International, United States",United States Grand Prix,United States,,1964/10/4 - 1964/10/4,,,Finished
1964,10,224,"Autódromo Hermanos Rodríguez, Mexico",Mexico Grand Prix,Mexico,,1964/10/25 - 1964/10/25,,,Finished
1963,1,205,"Circuit de Monaco, Monaco",Monaco Grand Prix,Monaco,,1963/5/26 - 1963/5/26,,,Finished
1963,2,206,"Circuit de Spa-Francorchamps, Belgium",Belgium Grand Prix,Belgium,,1963/6/9 - 1963/6/9,,,Finished
1963,3,207,"Circuit Zandvoort, Netherlands",Netherlands Grand Prix,Netherlands,,1963/6/23 - 1963/6/23,,,Finished
1963,4,208,"Circuit de Reims-Gueux, France",France Grand Prix,France,,1963/6/30 - 1963/6/30,,,Finished
1963,5,209,"Silverstone Circuit, Great Britain",Great Britain Grand Prix,Great Britain,,1963/7/20 - 1963/7/20,,,Finished
1963,6,210,"Nürburgring, Germany",Germany Grand Prix,Germany,,1963/8/4 - 1963/8/4,,,Finished
1963,7,211,"Autodromo Nazionale Monza, Italy",Italy Grand Prix,Italy,,1963/9/8 - 1963/9/8,,,Finished
1963,8,212,"Watkins Glen International, United States",United States Grand Prix,United States,,1963/10/6 - 1963/10/6,,,Finished
1963,9,213,"Autódromo Hermanos Rodríguez, Mexico",Mexico Grand Prix,Mexico,,1963/10/27 - 1963/10/27,,,Finished
1963,10,214,"Prince George Circuit, South Africa",South Africa Grand Prix,South Africa,,1963/12/28 - 1963/12/28,,,Finished
1962,1,196,"Circuit Zandvoort, Netherlands",Netherlands Grand Prix,Netherlands,,1962/5/20 - 1962/5/20,,,Finished
1962,2,197,"Circuit de Monaco, Monaco",Monaco Grand Prix,Monaco,,1962/6/3 - 1962/6/3,,,Finished
1962,3,198,"Circuit de Spa-Francorchamps, Belgium",Belgium Grand Prix,Belgium,,1962/6/17 - 1962/6/17,,,Finished
1962,4,199,"Rouen les Essarts, France",France Grand Prix,France,,1962/7/8 - 1962/7/8,,,Finished
1962,5,200,"Aintree Racecourse, Great Britain",Great Britain Grand Prix,Great Britain,,1962/7/21 - 1962/7/21,,,Finished
1962,6,201,"Nürburgring, Germany",Germany Grand Prix,Germany,,1962/8/5 - 1962/8/5,,,Finished
1962,7,202,"Autodromo Nazionale Monza, Italy",Italy Grand Prix,Italy,,1962/9/16 - 1962/9/16,,,Finished
1962,8,203,"Watkins Glen International, United States",United States Grand Prix,United States,,1962/10/7 - 1962/10/7,,,Finished
1962,9,204,"Prince George Circuit, South Africa",South Africa Grand Prix,South Africa,,1962/12/29 - 1962/12/29,,,Finished
1961,1,188,"Circuit de Monaco, Monaco",Monaco Grand Prix,Monaco,,1961/5/14 - 1961/5/14,,,Finished
1961,2,189,"Circuit Zandvoort, Netherlands",Netherlands Grand Prix,Netherlands,,1961/5/22 - 1961/5/22,,,Finished
1961,3,190,"Circuit de Spa-Francorchamps, Belgium",Belgium Grand Prix,Belgium,,1961/6/18 - 1961/6/18,,,Finished
1961,4,191,"Circuit de Reims-Gueux, France",France Grand Prix,France,,1961/7/2 - 1961/7/2,,,Finished
1961,5,192,"Aintree Racecourse, Great Britain",Great Britain Grand Prix,Great Britain,,1961/7/15 - 1961/7/15,,,Finished
1961,6,193,"Nürburgring, Germany",Germany Grand Prix,Germany,,1961/8/6 - 1961/8/6,,,Finished
1961,7,194,"Autodromo Nazionale Monza, Italy",Italy Grand Prix,Italy,,1961/9/10 - 1961/9/10,,,Finished
1961,8,195,"Watkins Glen International, United States",United States Grand Prix,United States,,1961/10/8 - 1961/10/8,,,Finished
1960,1,178,"Autódromo Juan y Oscar Gálvez, Argentina",Argentina Grand Prix,Argentina,,1960/2/7 - 1960/2/7,,,Finished
1960,2,179,"Circuit de Monaco, Monaco",Monaco Grand Prix,Monaco,,1960/5/29 - 1960/5/29,,,Finished
1960,3,180,"Indianapolis Motor Speedway, United States",Indianapolis Grand Prix,Indianapolis,,1960/5/30 - 1960/5/30,,,Finished
1960,4,181,"Circuit Zandvoort, Netherlands",Netherlands Grand Prix,Netherlands,,1960/6/6 - 1960/6/6,,,Finished
1960,5,182,"Circuit de Spa-Francorchamps, Belgium",Belgium Grand Prix,Belgium,,1960/6/19 - 1960/6/19,,,Finished
1960,6,183,"Circuit de Reims-Gueux, France",France Grand Prix,France,,1960/7/3 - 1960/7/3,,,Finished
1960,7,184,"Silverstone Circuit, Great Britain",Great Britain Grand Prix,Great Britain,,1960/7/16 - 1960/7/16,,,Finished
1960,8,185,"Circuit da Boavista, Portugal",Portugal Grand Prix,Portugal,,1960/8/14 - 1960/8/14,,,Finished
1960,9,186,"Autodromo Nazionale Monza, Italy",Italy Grand Prix,Italy,,1960/9/4 - 1960/9/4,,,Finished
1960,10,187,"Riverside International Raceway, United States",United States Grand Prix,United States,,1960/11/20 - 1960/11/20,,,Finished
1959,1,169,"Circuit de Monaco, Monaco",Monaco Grand Prix,Monaco,,1959/5/10 - 1959/5/10,,,Finished
1959,2,170,"Indianapolis Motor Speedway, United States",Indianapolis Grand Prix,Indianapolis,,1959/5/30 - 1959/5/30,,,Finished
1959,3,171,"Circuit Zandvoort, Netherlands",Netherlands Grand Prix,Netherlands,,1959/5/31 - 1959/5/31,,,Finished
1959,4,172,"Circuit de Reims-Gueux, France",France Grand Prix,France,,1959/7/5 - 1959/7/5,,,Finished
1959,5,173,"Aintree Racecourse, Great Britain",Great Britain Grand Prix,Great Britain,,1959/7/18 - 1959/7/18,,,Finished
1959,6,174,"Automobil-Verkehrs und Übungs-Straße, Germany",Germany Grand Prix,Germany,,1959/8/2 - 1959/8/2,,,Finished
1959,7,175,"Monsanto Park, Portugal",Portugal Grand Prix,Portugal,,1959/8/23 - 1959/8/23,,,Finished
1959,8,176,"Autodromo Nazionale Monza, Italy",Italy Grand Prix,Italy,,1959/9/13 - 1959/9/13,,,Finished
1959,9,177,"Sebring Raceway, United States",United States Grand Prix,United States,,1959/12/12 - 1959/12/12,,,Finished
1958,1,158,"Autódromo Juan y Oscar Gálvez, Argentina",Argentina Grand Prix,Argentina,,1958/1/19 - 1958/1/19,,,Finished
1958,2,159,"Circuit de Monaco, Monaco",Monaco Grand Prix,Monaco,,1958/5/18 - 1958/5/18,,,Finished
1958,3,160,"Circuit Zandvoort, Netherlands",Netherlands Grand Prix,Netherlands,,1958/5/26 - 1958/5/26,,,Finished
1958,4,161,"Indianapolis Motor Speedway, United States",Indianapolis Grand Prix,Indianapolis,,1958/5/30 - 1958/5/30,,,Finished
1958,5,162,"Circuit de Spa-Francorchamps, Belgium",Belgium Grand Prix,Belgium,,1958/6/15 - 1958/6/15,,,Finished
1958,6,163,"Circuit de Reims-Gueux, France",France Grand Prix,France,,1958/7/6 - 1958/7/6,,,Finished
1958,7,164,"Silverstone Circuit, Great Britain",Great Britain Grand Prix,Great Britain,,1958/7/19 - 1958/7/19,,,Finished
1958,8,165,"Nürburgring, Germany",Germany Grand Prix,Germany,,1958/8/3 - 1958/8/3,,,Finished
1958,9,166,"Circuit da Boavista, Portugal",Portugal Grand Prix,Portugal,,1958/8/24 - 1958/8/24,,,Finished
1958,10,167,"Autodromo Nazionale Monza, Italy",Italy Grand Prix,Italy,,1958/9/7 - 1958/9/7,,,Finished
1958,11,168,"Ain-Diab Circuit, Morocco",Morocco Grand Prix,Morocco,,1958/10/19 - 1958/10/19,,,Finished
1957,1,150,"Autódromo Juan y Oscar Gálvez, Argentina",Argentina Grand Prix,Argentina,,1957/1/13 - 1957/1/13,,,Finished
1957,2,151,"Circuit de Monaco, Monaco",Monaco Grand Prix,Monaco,,1957/5/19 - 1957/5/19,,,Finished
1957,3,152,"Indianapolis Motor Speedway, United States",Indianapolis Grand Prix,Indianapolis,,1957/5/30 - 1957/5/30,,,Finished
1957,4,153,"Rouen les Essarts, France",France Grand Prix,France,,1957/7/7 - 1957/7/7,,,Finished
1957,5,154,"Aintree Racecourse, Great Britain",Great Britain Grand Prix,Great Britain,,1957/7/20 - 1957/7/20,,,Finished
1957,6,155,"Nürburgring, Germany",Germany Grand Prix,Germany,,1957/8/4 - 1957/8/4,,,Finished
1957,7,156,"Pescara Circuit, Italy",Pescara Grand Prix,Pescara,,1957/8/18 - 1957/8/18,,,Finished
1957,8,157,"Autodromo Nazionale Monza, Italy",Italy Grand Prix,Italy,,1957/9/8 - 1957/9/8,,,Finished
1956,1,142,"Autódromo Juan y Oscar Gálvez, Argentina",Argentina Grand Prix,Argentina,,1956/1/22 - 1956/1/22,,,Finished
1956,2,143,"Circuit de Monaco, Monaco",Monaco Grand Prix,Monaco,,1956/5/13 - 1956/5/13,,,Finished
1956,3,144,"Indianapolis Motor Speedway, United States",Indianapolis Grand Prix,Indianapolis,,1956/5/30 - 1956/5/30,,,Finished
1956,4,145,"Circuit de Spa-Francorchamps, Belgium",Belgium Grand Prix,Belgium,,1956/6/3 - 1956/6/3,,,Finished
1956,5,146,"Circuit de Reims-Gueux, France",France Grand Prix,France,,1956/7/1 - 1956/7/1,,,Finished
1956,6,147,"Silverstone Circuit, Great Britain",Great Britain Grand Prix,Great Britain,,1956/7/14 - 1956/7/14,,,Finished
1956,7,148,"Nürburgring, Germany",Germany Grand Prix,Germany,,1956/8/5 - 1956/8/5,,,Finished
1956,8,149,"Autodromo Nazionale Monza, Italy",Italy Grand Prix,Italy,,1956/9/2 - 1956/9/2,,,Finished
1955,1,135,"Autódromo Juan y Oscar Gálvez, Argentina",Argentina Grand Prix,Argentina,,1955/1/16 - 1955/1/16,,,Finished
1955,2,136,"Circuit de Monaco, Monaco",Monaco Grand Prix,Monaco,,1955/5/22 - 1955/5/22,,,Finished
1955,3,137,"Indianapolis Motor Speedway, United States",Indianapolis Grand Prix,Indianapolis,,1955/5/30 - 1955/5/30,,,Finished
1955,4,138,"Circuit de Spa-Francorchamps, Belgium",Belgium Grand Prix,Belgium,,1955/6/5 - 1955/6/5,,,Finished
1955,5,139,"Circuit Zandvoort, Netherlands",Netherlands Grand Prix,Netherlands,,1955/6/19 - 1955/6/19,,,Finished
1955,6,140,"Aintree Racecourse, Great Britain",Great Britain Grand Prix,Great Britain,,1955/7/16 - 1955/7/16,,,Finished
1955,7,141,"Autodromo Nazionale Monza, Italy",Italy Grand Prix,Italy,,1955/9/11 - 1955/9/11,,,Finished
1954,1,126,"Autódromo Juan y Oscar Gálvez, Argentina",Argentina Grand Prix,Argentina,,1954/1/17 - 1954/1/17,,,Finished
1954,2,127,"Indianapolis Motor Speedway, United States",Indianapolis Grand Prix,Indianapolis,,1954/5/31 - 1954/5/31,,,Finished
1954,3,128,"Circuit de Spa-Francorchamps, Belgium",Belgium Grand Prix,Belgium,,1954/6/20 - 1954/6/20,,,Finished
1954,4,129,"Circuit de Reims-Gueux, France",France Grand Prix,France,,1954/7/4 - 1954/7/4,,,Finished
1954,5,130,"Silverstone Circuit, Great Britain",Great Britain Grand Prix,Great Britain,,1954/7/17 - 1954/7/17,,,Finished
1954,6,131,"Nürburgring, Germany",Germany Grand Prix,Germany,,1954/8/1 - 1954/8/1,,,Finished
1954,7,132,"Bremgarten, Switzerland",Switzerland Grand Prix,Switzerland,,1954/8/22 - 1954/8/22,,,Finished
1954,8,133,"Autodromo Nazionale Monza, Italy",Italy Grand Prix,Italy,,1954/9/5 - 1954/9/5,,,Finished
1954,9,134,"Circuit de Pedralbes, Spain",Spain Grand Prix,Spain,,1954/10/24 - 1954/10/24,,,Finished
1953,1,117,"Autódromo Juan y Oscar Gálvez, Argentina",Argentina Grand Prix,Argentina,,1953/1/18 - 1953/1/18,,,Finished
1953,2,118,"Indianapolis Motor Speedway, United States",Indianapolis Grand Prix,Indianapolis,,1953/5/30 - 1953/5/30,,,Finished
1953,3,119,"Circuit Zandvoort, Netherlands",Netherlands Grand Prix,Netherlands,,1953/6/7 - 1953/6/7,,,Finished
1953,4,120,"Circuit de Spa-Francorchamps, Belgium",Belgium Grand Prix,Belgium,,1953/6/21 - 1953/6/21,,,Finished
1953,5,121,"Circuit de Reims-Gueux, France",France Grand Prix,France,,1953/7/5 - 1953/7/5,,,Finished
1953,6,122,"Silverstone Circuit, Great Britain",Great Britain Grand Prix,Great Britain,,1953/7/18 - 1953/7/18,,,Finished
1953,7,123,"Nürburgring, Germany",Germany Grand Prix,Germany,,1953/8/2 - 1953/8/2,,,Finished
1953,8,124,"Bremgarten, Switzerland",Switzerland Grand Prix,Switzerland,,1953/8/23 - 1953/8/23,,,Finished
1953,9,125,"Autodromo Nazionale Monza, Italy",Italy Grand Prix,Italy,,1953/9/13 - 1953/9/13,,,Finished
1952,1,109,"Bremgarten, Switzerland",Switzerland Grand Prix,Switzerland,,1952/5/18 - 1952/5/18,,,Finished
1952,2,110,"Indianapolis Motor Speedway, United States",Indianapolis Grand Prix,Indianapolis,,1952/5/30 - 1952/5/30,,,Finished
1952,3,111,"Circuit de Spa-Francorchamps, Belgium",Belgium Grand Prix,Belgium,,1952/6/22 - 1952/6/22,,,Finished
1952,4,112,"Rouen les Essarts, France",France Grand Prix,France,,1952/7/6 - 1952/7/6,,,Finished
1952,5,113,"Silverstone Circuit, Great Britain",Great Britain Grand Prix,Great Britain,,1952/7/19 - 1952/7/19,,,Finished
1952,6,114,"Nürburgring, Germany",Germany Grand Prix,Germany,,1952/8/3 - 1952/8/3,,,Finished
1952,7,115,"Circuit Zandvoort, Netherlands",Netherlands Grand Prix,Netherlands,,1952/8/17 - 1952/8/17,,,Finished
1952,8,116,"Autodromo Nazionale Monza, Italy",Italy Grand Prix,Italy,,1952/9/7 - 1952/9/7,,,Finished
1951,1,101,"Bremgarten, Switzerland",Switzerland Grand Prix,Switzerland,,1951/5/27 - 1951/5/27,,,Finished
1951,2,102,"Indianapolis Motor Speedway, United States",Indianapolis Grand Prix,Indianapolis,,1951/5/30 - 1951/5/30,,,Finished
1951,3,103,"Circuit de Spa-Francorchamps, Belgium",Belgium Grand Prix,Belgium,,1951/6/17 - 1951/6/17,,,Finished
1951,4,104,"Circuit de Reims-Gueux, France",France Grand Prix,France,,1951/7/1 - 1951/7/1,,,Finished
1951,5,105,"Silverstone Circuit, Great Britain",Great Britain Grand Prix,Great Britain,,1951/7/14 - 1951/7/14,,,Finished
1951,6,106,"Nürburgring, Germany",Germany Grand Prix,Germany,,1951/7/29 - 1951/7/29,,,Finished
1951,7,107,"Autodromo Nazionale Monza, Italy",Italy Grand Prix,Italy,,1951/9/16 - 1951/9/16,,,Finished
1951,8,108,"Circuit de Pedralbes, Spain",Spain Grand Prix,Spain,,1951/10/28 - 1951/10/28,,,Finished
1950,7,100,"Autodromo Nazionale Monza, Italy",Italy Grand Prix,Italy,,1950/9/3 - 1950/9/3,,,Finished
1950,1,94,"Silverstone Circuit, Great Britain",Great Britain Grand Prix,Great Britain,,1950/5/13 - 1950/5/13,,,Finished
1950,2,95,"Circuit de Monaco, Monaco",Monaco Grand Prix,Monaco,,1950/5/21 - 1950/5/21,,,Finished
1950,3,96,"Indianapolis Motor Speedway, United States",Indianapolis Grand Prix,Indianapolis,,1950/5/30 - 1950/5/30,,,Finished
1950,4,97,"Bremgarten, Switzerland",Switzerland Grand Prix,Switzerland,,1950/6/4 - 1950/6/4,,,Finished
1950,5,98,"Circuit de Spa-Francorchamps, Belgium",Belgium Grand Prix,Belgium,,1950/6/18 - 1950/6/18,,,Finished
1950,6,99,"Circuit de Reims-Gueux, France",France Grand Prix,France,,1950/7/2 - 1950/7/2,,,Finished
